Location,Job_Type,machine_learning,hadoop,tableau,lat,long
AL,data_analyst,0,0,0,32.31823,-86.902298
AL,data_analyst,0,0,0,32.31823,-86.902298
AL,data_analyst,0,0,0,32.31823,-86.902298
AL,data_analyst,0,0,0,32.31823,-86.902298
AL,data_analyst,0,0,0,32.31823,-86.902298
AL,data_analyst,0,0,0,32.31823,-86.902298
AR,data_analyst,0,0,0,34.048927,-11.093735
AR,data_analyst,0,0,0,34.048927,-11.093735
AR,data_analyst,0,0,0,34.048927,-11.093735
AR,data_analyst,0,0,1,34.048927,-11.093735
AR,data_analyst,0,1,0,34.048927,-11.093735
AR,data_analyst,0,0,0,34.048927,-11.093735
AR,data_analyst,1,0,1,34.048927,-11.093735
AR,data_analyst,0,0,0,34.048927,-11.093735
AZ,data_analyst,1,0,1,34.048927,-11.093735
AZ,data_analyst,0,0,0,34.048927,-11.093735
AZ,data_analyst,0,0,0,34.048927,-11.093735
AZ,data_analyst,0,0,0,34.048927,-11.093735
AZ,data_analyst,0,0,1,34.048927,-11.093735
AZ,data_analyst,0,0,1,34.048927,-11.093735
AZ,data_analyst,0,0,0,34.048927,-11.093735
AZ,data_analyst,0,0,1,34.048927,-11.093735
AZ,data_analyst,0,0,0,34.048927,-11.093735
AZ,data_analyst,0,0,1,34.048927,-11.093735
AZ,data_analyst,0,0,0,34.048927,-11.093735
AZ,data_analyst,0,0,0,34.048927,-11.093735
AZ,data_analyst,0,0,0,34.048927,-11.093735
AZ,data_analyst,0,0,0,34.048927,-11.093735
AZ,data_analyst,0,0,0,34.048927,-11.093735
CA,data_analyst,0,0,0,36.778259,-119.417931
CA,data_analyst,0,0,0,36.778259,-119.417931
CA,data_analyst,0,0,0,36.778259,-119.417931
CA,data_analyst,0,0,0,36.778259,-119.417931
CA,data_analyst,0,0,0,36.778259,-119.417931
CA,data_analyst,0,0,0,36.778259,-119.417931
CA,data_analyst,0,0,0,36.778259,-119.417931
CA,data_analyst,1,0,0,36.778259,-119.417931
CA,data_analyst,0,0,0,36.778259,-119.417931
CA,data_analyst,0,0,1,36.778259,-119.417931
CA,data_analyst,0,0,1,36.778259,-119.417931
CA,data_analyst,0,0,0,36.778259,-119.417931
CA,data_analyst,0,0,1,36.778259,-119.417931
CA,data_analyst,0,0,0,36.778259,-119.417931
CA,data_analyst,0,0,0,36.778259,-119.417931
CA,data_analyst,0,0,0,36.778259,-119.417931
CA,data_analyst,0,0,0,36.778259,-119.417931
CA,data_analyst,0,0,0,36.778259,-119.417931
CA,data_analyst,0,0,1,36.778259,-119.417931
CA,data_analyst,0,0,0,36.778259,-119.417931
CA,data_analyst,1,0,0,36.778259,-119.417931
CA,data_analyst,0,0,1,36.778259,-119.417931
CA,data_analyst,0,0,1,36.778259,-119.417931
CA,data_analyst,0,0,0,36.778259,-119.417931
CA,data_analyst,0,0,0,36.778259,-119.417931
CA,data_analyst,0,0,1,36.778259,-119.417931
CA,data_analyst,0,0,0,36.778259,-119.417931
CA,data_analyst,0,0,0,36.778259,-119.417931
CA,data_analyst,0,0,0,36.778259,-119.417931
CA,data_analyst,0,0,0,36.778259,-119.417931
CA,data_analyst,0,0,0,36.778259,-119.417931
CA,data_analyst,0,0,0,36.778259,-119.417931
CA,data_analyst,0,0,0,36.778259,-119.417931
CA,data_analyst,0,0,0,36.778259,-119.417931
CA,data_analyst,0,0,0,36.778259,-119.417931
CA,data_analyst,0,0,1,36.778259,-119.417931
CA,data_analyst,0,0,0,36.778259,-119.417931
CA,data_analyst,0,0,0,36.778259,-119.417931
CA,data_analyst,0,0,1,36.778259,-119.417931
CA,data_analyst,0,0,0,36.778259,-119.417931
CA,data_analyst,0,0,1,36.778259,-119.417931
CA,data_analyst,0,0,0,36.778259,-119.417931
CA,data_analyst,0,0,0,36.778259,-119.417931
CA,data_analyst,0,0,0,36.778259,-119.417931
CA,data_analyst,0,0,0,36.778259,-119.417931
CA,data_analyst,0,0,0,36.778259,-119.417931
CA,data_analyst,0,0,1,36.778259,-119.417931
CA,data_analyst,0,0,0,36.778259,-119.417931
CA,data_analyst,0,0,0,36.778259,-119.417931
CA,data_analyst,0,0,0,36.778259,-119.417931
CA,data_analyst,0,0,0,36.778259,-119.417931
CA,data_analyst,0,0,1,36.778259,-119.417931
CA,data_analyst,0,0,0,36.778259,-119.417931
CA,data_analyst,0,0,0,36.778259,-119.417931
CA,data_analyst,0,0,0,36.778259,-119.417931
CA,data_analyst,0,0,0,36.778259,-119.417931
CA,data_analyst,0,0,0,36.778259,-119.417931
CA,data_analyst,0,0,0,36.778259,-119.417931
CA,data_analyst,0,0,1,36.778259,-119.417931
CA,data_analyst,0,0,0,36.778259,-119.417931
CA,data_analyst,0,0,0,36.778259,-119.417931
CA,data_analyst,0,0,0,36.778259,-119.417931
CA,data_analyst,0,0,0,36.778259,-119.417931
CA,data_analyst,0,0,1,36.778259,-119.417931
CA,data_analyst,0,0,0,36.778259,-119.417931
CA,data_analyst,0,0,0,36.778259,-119.417931
CA,data_analyst,0,0,0,36.778259,-119.417931
CA,data_analyst,0,0,1,36.778259,-119.417931
CA,data_analyst,0,0,0,36.778259,-119.417931
CA,data_analyst,0,0,0,36.778259,-119.417931
CA,data_analyst,0,0,0,36.778259,-119.417931
CA,data_analyst,0,0,0,36.778259,-119.417931
CA,data_analyst,0,0,0,36.778259,-119.417931
CA,data_analyst,0,0,0,36.778259,-119.417931
CA,data_analyst,0,0,0,36.778259,-119.417931
CA,data_analyst,0,0,1,36.778259,-119.417931
CA,data_analyst,0,0,0,36.778259,-119.417931
CA,data_analyst,0,0,1,36.778259,-119.417931
CA,data_analyst,0,0,0,36.778259,-119.417931
CA,data_analyst,0,0,1,36.778259,-119.417931
CA,data_analyst,0,0,0,36.778259,-119.417931
CA,data_analyst,0,0,1,36.778259,-119.417931
CA,data_analyst,1,0,0,36.778259,-119.417931
CA,data_analyst,0,0,0,36.778259,-119.417931
CA,data_analyst,0,0,0,36.778259,-119.417931
CA,data_analyst,0,0,0,36.778259,-119.417931
CA,data_analyst,0,0,0,36.778259,-119.417931
CA,data_analyst,0,0,0,36.778259,-119.417931
CA,data_analyst,0,0,1,36.778259,-119.417931
CA,data_analyst,0,0,1,36.778259,-119.417931
CA,data_analyst,0,0,1,36.778259,-119.417931
CA,data_analyst,0,0,1,36.778259,-119.417931
CA,data_analyst,0,0,1,36.778259,-119.417931
CA,data_analyst,0,0,0,36.778259,-119.417931
CA,data_analyst,0,0,1,36.778259,-119.417931
CA,data_analyst,0,0,0,36.778259,-119.417931
CA,data_analyst,0,0,0,36.778259,-119.417931
CA,data_analyst,0,0,0,36.778259,-119.417931
CA,data_analyst,0,0,0,36.778259,-119.417931
CA,data_analyst,0,0,0,36.778259,-119.417931
CA,data_analyst,0,0,1,36.778259,-119.417931
CA,data_analyst,0,0,0,36.778259,-119.417931
CA,data_analyst,0,0,0,36.778259,-119.417931
CA,data_analyst,0,0,0,36.778259,-119.417931
CA,data_analyst,0,0,1,36.778259,-119.417931
CA,data_analyst,0,0,0,36.778259,-119.417931
CA,data_analyst,0,0,1,36.778259,-119.417931
CA,data_analyst,0,0,0,36.778259,-119.417931
CA,data_analyst,0,0,0,36.778259,-119.417931
CA,data_analyst,0,0,0,36.778259,-119.417931
CA,data_analyst,0,0,0,36.778259,-119.417931
CA,data_analyst,1,0,1,36.778259,-119.417931
CA,data_analyst,1,0,0,36.778259,-119.417931
CA,data_analyst,0,0,0,36.778259,-119.417931
CA,data_analyst,0,0,1,36.778259,-119.417931
CA,data_analyst,0,0,1,36.778259,-119.417931
CA,data_analyst,0,0,1,36.778259,-119.417931
CA,data_analyst,0,1,1,36.778259,-119.417931
CA,data_analyst,0,0,1,36.778259,-119.417931
CA,data_analyst,0,0,0,36.778259,-119.417931
CA,data_analyst,0,0,0,36.778259,-119.417931
CA,data_analyst,1,0,1,36.778259,-119.417931
CA,data_analyst,0,0,0,36.778259,-119.417931
CA,data_analyst,0,0,1,36.778259,-119.417931
CA,data_analyst,1,0,0,36.778259,-119.417931
CA,data_analyst,0,0,1,36.778259,-119.417931
CA,data_analyst,0,0,1,36.778259,-119.417931
CA,data_analyst,0,0,1,36.778259,-119.417931
CA,data_analyst,0,0,0,36.778259,-119.417931
CA,data_analyst,0,0,0,36.778259,-119.417931
CA,data_analyst,0,1,0,36.778259,-119.417931
CA,data_analyst,0,0,0,36.778259,-119.417931
CA,data_analyst,0,0,0,36.778259,-119.417931
CA,data_analyst,0,0,0,36.778259,-119.417931
CA,data_analyst,0,0,0,36.778259,-119.417931
CA,data_analyst,0,0,1,36.778259,-119.417931
CA,data_analyst,0,0,1,36.778259,-119.417931
CA,data_analyst,0,0,1,36.778259,-119.417931
CA,data_analyst,0,0,1,36.778259,-119.417931
CA,data_analyst,0,0,0,36.778259,-119.417931
CA,data_analyst,0,0,0,36.778259,-119.417931
CA,data_analyst,0,0,1,36.778259,-119.417931
CA,data_analyst,0,0,0,36.778259,-119.417931
CA,data_analyst,0,1,1,36.778259,-119.417931
CA,data_analyst,1,0,0,36.778259,-119.417931
CA,data_analyst,1,0,0,36.778259,-119.417931
CA,data_analyst,0,0,1,36.778259,-119.417931
CA,data_analyst,1,1,1,36.778259,-119.417931
CA,data_analyst,0,0,0,36.778259,-119.417931
CA,data_analyst,0,0,1,36.778259,-119.417931
CA,data_analyst,0,0,0,36.778259,-119.417931
CA,data_analyst,0,0,0,36.778259,-119.417931
CA,data_analyst,1,0,0,36.778259,-119.417931
CA,data_analyst,0,0,0,36.778259,-119.417931
CA,data_analyst,0,0,1,36.778259,-119.417931
CA,data_analyst,0,0,0,36.778259,-119.417931
CA,data_analyst,0,0,0,36.778259,-119.417931
CA,data_analyst,0,0,0,36.778259,-119.417931
CA,data_analyst,0,0,0,36.778259,-119.417931
CA,data_analyst,0,0,0,36.778259,-119.417931
CA,data_analyst,0,0,0,36.778259,-119.417931
CA,data_analyst,0,0,0,36.778259,-119.417931
CA,data_analyst,0,0,0,36.778259,-119.417931
CA,data_analyst,0,1,1,36.778259,-119.417931
CA,data_analyst,0,0,0,36.778259,-119.417931
CA,data_analyst,0,0,0,36.778259,-119.417931
CA,data_analyst,0,0,0,36.778259,-119.417931
CA,data_analyst,0,0,0,36.778259,-119.417931
CA,data_analyst,0,0,0,36.778259,-119.417931
CA,data_analyst,0,0,1,36.778259,-119.417931
CA,data_analyst,0,0,1,36.778259,-119.417931
CA,data_analyst,0,0,0,36.778259,-119.417931
CA,data_analyst,0,0,0,36.778259,-119.417931
CA,data_analyst,0,0,1,36.778259,-119.417931
CA,data_analyst,0,0,0,36.778259,-119.417931
CA,data_analyst,0,0,0,36.778259,-119.417931
CA,data_analyst,0,0,1,36.778259,-119.417931
CA,data_analyst,0,0,0,36.778259,-119.417931
CA,data_analyst,0,0,1,36.778259,-119.417931
CA,data_analyst,0,0,1,36.778259,-119.417931
CA,data_analyst,0,0,0,36.778259,-119.417931
CA,data_analyst,0,0,0,36.778259,-119.417931
CA,data_analyst,0,0,0,36.778259,-119.417931
CA,data_analyst,0,0,1,36.778259,-119.417931
CA,data_analyst,0,0,0,36.778259,-119.417931
CA,data_analyst,0,0,1,36.778259,-119.417931
CA,data_analyst,0,1,0,36.778259,-119.417931
CA,data_analyst,0,0,0,36.778259,-119.417931
CA,data_analyst,1,1,1,36.778259,-119.417931
CA,data_analyst,0,1,1,36.778259,-119.417931
CA,data_analyst,0,0,0,36.778259,-119.417931
CA,data_analyst,0,1,0,36.778259,-119.417931
CA,data_analyst,0,0,0,36.778259,-119.417931
CA,data_analyst,0,0,0,36.778259,-119.417931
CA,data_analyst,0,0,0,36.778259,-119.417931
CA,data_analyst,1,1,1,36.778259,-119.417931
CA,data_analyst,0,0,0,36.778259,-119.417931
CA,data_analyst,0,0,0,36.778259,-119.417931
CA,data_analyst,0,0,1,36.778259,-119.417931
CA,data_analyst,0,0,1,36.778259,-119.417931
CA,data_analyst,0,0,0,36.778259,-119.417931
CA,data_analyst,0,0,0,36.778259,-119.417931
CA,data_analyst,0,0,0,36.778259,-119.417931
CA,data_analyst,0,0,1,36.778259,-119.417931
CA,data_analyst,0,0,0,36.778259,-119.417931
CA,data_analyst,1,0,0,36.778259,-119.417931
CA,data_analyst,0,0,0,36.778259,-119.417931
CA,data_analyst,0,0,0,36.778259,-119.417931
CA,data_analyst,0,0,0,36.778259,-119.417931
CA,data_analyst,0,0,0,36.778259,-119.417931
CA,data_analyst,0,0,1,36.778259,-119.417931
CA,data_analyst,0,0,0,36.778259,-119.417931
CA,data_analyst,0,0,0,36.778259,-119.417931
CA,data_analyst,1,0,1,36.778259,-119.417931
CA,data_analyst,0,0,0,36.778259,-119.417931
CA,data_analyst,0,0,1,36.778259,-119.417931
CA,data_analyst,0,0,1,36.778259,-119.417931
CA,data_analyst,1,0,1,36.778259,-119.417931
CA,data_analyst,0,0,1,36.778259,-119.417931
CA,data_analyst,0,0,0,36.778259,-119.417931
CA,data_analyst,0,0,0,36.778259,-119.417931
CA,data_analyst,0,0,0,36.778259,-119.417931
CA,data_analyst,0,0,0,36.778259,-119.417931
CA,data_analyst,0,0,0,36.778259,-119.417931
CA,data_analyst,0,0,0,36.778259,-119.417931
CA,data_analyst,0,0,0,36.778259,-119.417931
CA,data_analyst,0,0,1,36.778259,-119.417931
CA,data_analyst,0,0,1,36.778259,-119.417931
CA,data_analyst,0,0,0,36.778259,-119.417931
CA,data_analyst,0,0,0,36.778259,-119.417931
CA,data_analyst,0,0,1,36.778259,-119.417931
CA,data_analyst,0,0,1,36.778259,-119.417931
CA,data_analyst,0,0,1,36.778259,-119.417931
CA,data_analyst,0,0,1,36.778259,-119.417931
CA,data_analyst,0,0,1,36.778259,-119.417931
CA,data_analyst,0,1,1,36.778259,-119.417931
CA,data_analyst,0,0,1,36.778259,-119.417931
CA,data_analyst,0,0,1,36.778259,-119.417931
CA,data_analyst,0,1,0,36.778259,-119.417931
CA,data_analyst,1,0,1,36.778259,-119.417931
CA,data_analyst,0,0,0,36.778259,-119.417931
CA,data_analyst,1,0,1,36.778259,-119.417931
CA,data_analyst,0,0,1,36.778259,-119.417931
CA,data_analyst,1,1,0,36.778259,-119.417931
CA,data_analyst,0,0,1,36.778259,-119.417931
CA,data_analyst,0,0,0,36.778259,-119.417931
CA,data_analyst,1,0,1,36.778259,-119.417931
CA,data_analyst,1,1,1,36.778259,-119.417931
CA,data_analyst,0,0,1,36.778259,-119.417931
CA,data_analyst,0,0,0,36.778259,-119.417931
CA,data_analyst,0,0,1,36.778259,-119.417931
CA,data_analyst,0,0,1,36.778259,-119.417931
CA,data_analyst,0,0,1,36.778259,-119.417931
CA,data_analyst,0,0,1,36.778259,-119.417931
CA,data_analyst,0,0,1,36.778259,-119.417931
CA,data_analyst,0,0,1,36.778259,-119.417931
CA,data_analyst,0,0,0,36.778259,-119.417931
CA,data_analyst,0,0,0,36.778259,-119.417931
CA,data_analyst,1,1,0,36.778259,-119.417931
CA,data_analyst,0,0,1,36.778259,-119.417931
CA,data_analyst,0,1,1,36.778259,-119.417931
CA,data_analyst,1,1,0,36.778259,-119.417931
CA,data_analyst,0,0,1,36.778259,-119.417931
CA,data_analyst,0,1,1,36.778259,-119.417931
CA,data_analyst,1,1,1,36.778259,-119.417931
CA,data_analyst,0,0,0,36.778259,-119.417931
CA,data_analyst,1,1,1,36.778259,-119.417931
CA,data_analyst,1,0,1,36.778259,-119.417931
CA,data_analyst,0,0,1,36.778259,-119.417931
CA,data_analyst,0,0,0,36.778259,-119.417931
CA,data_analyst,0,0,1,36.778259,-119.417931
CA,data_analyst,0,1,1,36.778259,-119.417931
CA,data_analyst,0,0,0,36.778259,-119.417931
CA,data_analyst,0,0,0,36.778259,-119.417931
CA,data_analyst,0,0,1,36.778259,-119.417931
CA,data_analyst,1,0,0,36.778259,-119.417931
CA,data_analyst,0,0,1,36.778259,-119.417931
CA,data_analyst,1,0,0,36.778259,-119.417931
CA,data_analyst,0,0,0,36.778259,-119.417931
CA,data_analyst,0,0,1,36.778259,-119.417931
CA,data_analyst,0,0,0,36.778259,-119.417931
CA,data_analyst,1,0,0,36.778259,-119.417931
CA,data_analyst,1,0,1,36.778259,-119.417931
CA,data_analyst,0,0,0,36.778259,-119.417931
CA,data_analyst,1,1,0,36.778259,-119.417931
CA,data_analyst,1,1,0,36.778259,-119.417931
CA,data_analyst,0,0,1,36.778259,-119.417931
CA,data_analyst,1,1,0,36.778259,-119.417931
CA,data_analyst,1,0,0,36.778259,-119.417931
CA,data_analyst,0,0,0,36.778259,-119.417931
CA,data_analyst,0,0,0,36.778259,-119.417931
CA,data_analyst,0,0,0,36.778259,-119.417931
CA,data_analyst,0,0,0,36.778259,-119.417931
CA,data_analyst,0,1,1,36.778259,-119.417931
CA,data_analyst,0,0,1,36.778259,-119.417931
CA,data_analyst,0,0,1,36.778259,-119.417931
CA,data_analyst,0,0,0,36.778259,-119.417931
CA,data_analyst,0,0,1,36.778259,-119.417931
CA,data_analyst,0,0,0,36.778259,-119.417931
CA,data_analyst,0,0,0,36.778259,-119.417931
CA,data_analyst,0,0,1,36.778259,-119.417931
CA,data_analyst,0,0,1,36.778259,-119.417931
CA,data_analyst,0,0,0,36.778259,-119.417931
CA,data_analyst,0,0,1,36.778259,-119.417931
CA,data_analyst,1,1,1,36.778259,-119.417931
CA,data_analyst,0,0,1,36.778259,-119.417931
CA,data_analyst,0,0,0,36.778259,-119.417931
CA,data_analyst,0,0,0,36.778259,-119.417931
CA,data_analyst,0,0,1,36.778259,-119.417931
CA,data_analyst,0,0,0,36.778259,-119.417931
CA,data_analyst,0,0,1,36.778259,-119.417931
CA,data_analyst,0,0,1,36.778259,-119.417931
CA,data_analyst,0,0,1,36.778259,-119.417931
CA,data_analyst,0,0,0,36.778259,-119.417931
CA,data_analyst,0,0,0,36.778259,-119.417931
CA,data_analyst,0,0,0,36.778259,-119.417931
CA,data_analyst,0,0,1,36.778259,-119.417931
CA,data_analyst,0,0,0,36.778259,-119.417931
CA,data_analyst,0,0,0,36.778259,-119.417931
CA,data_analyst,0,0,0,36.778259,-119.417931
CA,data_analyst,0,0,1,36.778259,-119.417931
CA,data_analyst,1,0,1,36.778259,-119.417931
CA,data_analyst,1,0,0,36.778259,-119.417931
CA,data_analyst,1,0,1,36.778259,-119.417931
CA,data_analyst,0,0,0,36.778259,-119.417931
CA,data_analyst,0,1,1,36.778259,-119.417931
CA,data_analyst,0,1,0,36.778259,-119.417931
CA,data_analyst,1,0,0,36.778259,-119.417931
CA,data_analyst,0,1,1,36.778259,-119.417931
CA,data_analyst,0,0,1,36.778259,-119.417931
CA,data_analyst,1,1,1,36.778259,-119.417931
CA,data_analyst,0,1,0,36.778259,-119.417931
CA,data_analyst,0,1,0,36.778259,-119.417931
CA,data_analyst,0,1,0,36.778259,-119.417931
CA,data_analyst,0,1,0,36.778259,-119.417931
CA,data_analyst,0,1,1,36.778259,-119.417931
CA,data_analyst,1,0,1,36.778259,-119.417931
CA,data_analyst,1,0,1,36.778259,-119.417931
CA,data_analyst,0,0,0,36.778259,-119.417931
CA,data_analyst,0,0,0,36.778259,-119.417931
CA,data_analyst,0,0,0,36.778259,-119.417931
CA,data_analyst,1,0,0,36.778259,-119.417931
CA,data_analyst,0,0,1,36.778259,-119.417931
CA,data_analyst,0,0,0,36.778259,-119.417931
CA,data_analyst,0,0,1,36.778259,-119.417931
CA,data_analyst,1,0,0,36.778259,-119.417931
CA,data_analyst,0,0,0,36.778259,-119.417931
CA,data_analyst,0,0,1,36.778259,-119.417931
CA,data_analyst,0,1,1,36.778259,-119.417931
CA,data_analyst,1,1,0,36.778259,-119.417931
CA,data_analyst,0,0,1,36.778259,-119.417931
CA,data_analyst,0,0,0,36.778259,-119.417931
CA,data_analyst,0,0,0,36.778259,-119.417931
CA,data_analyst,0,0,0,36.778259,-119.417931
CA,data_analyst,0,0,0,36.778259,-119.417931
CA,data_analyst,1,0,0,36.778259,-119.417931
CA,data_analyst,0,0,0,36.778259,-119.417931
CA,data_analyst,1,1,0,36.778259,-119.417931
CA,data_analyst,0,0,0,36.778259,-119.417931
CA,data_analyst,0,0,0,36.778259,-119.417931
CA,data_analyst,0,0,0,36.778259,-119.417931
CA,data_analyst,1,0,0,36.778259,-119.417931
CA,data_analyst,0,0,0,36.778259,-119.417931
CA,data_analyst,0,0,0,36.778259,-119.417931
CA,data_analyst,0,1,1,36.778259,-119.417931
CA,data_analyst,0,0,1,36.778259,-119.417931
CA,data_analyst,1,0,0,36.778259,-119.417931
CA,data_analyst,0,0,1,36.778259,-119.417931
CA,data_analyst,0,0,0,36.778259,-119.417931
CA,data_analyst,0,0,0,36.778259,-119.417931
CA,data_analyst,0,0,0,36.778259,-119.417931
CA,data_analyst,1,1,0,36.778259,-119.417931
CA,data_analyst,0,0,0,36.778259,-119.417931
CA,data_analyst,0,0,0,36.778259,-119.417931
CA,data_analyst,0,0,1,36.778259,-119.417931
CA,data_analyst,0,0,0,36.778259,-119.417931
CO,data_analyst,0,0,1,39.113014,-105.358887
CO,data_analyst,0,0,0,39.113014,-105.358887
CO,data_analyst,0,0,0,39.113014,-105.358887
CO,data_analyst,0,0,0,39.113014,-105.358887
CO,data_analyst,0,0,0,39.113014,-105.358887
CO,data_analyst,0,0,0,39.113014,-105.358887
CO,data_analyst,0,0,0,39.113014,-105.358887
CO,data_analyst,0,0,0,39.113014,-105.358887
CO,data_analyst,0,0,0,39.113014,-105.358887
CO,data_analyst,0,0,0,39.113014,-105.358887
CO,data_analyst,0,0,0,39.113014,-105.358887
CO,data_analyst,0,0,0,39.113014,-105.358887
CO,data_analyst,0,1,0,39.113014,-105.358887
CO,data_analyst,0,0,0,39.113014,-105.358887
CO,data_analyst,1,0,1,39.113014,-105.358887
CO,data_analyst,0,0,0,39.113014,-105.358887
CO,data_analyst,0,0,1,39.113014,-105.358887
CO,data_analyst,0,0,1,39.113014,-105.358887
CO,data_analyst,0,0,0,39.113014,-105.358887
CO,data_analyst,1,1,0,39.113014,-105.358887
CO,data_analyst,0,0,0,39.113014,-105.358887
CO,data_analyst,0,0,1,39.113014,-105.358887
CO,data_analyst,0,1,1,39.113014,-105.358887
CO,data_analyst,0,0,0,39.113014,-105.358887
CO,data_analyst,0,0,0,39.113014,-105.358887
CT,data_analyst,0,0,0,41.599998,-72.699997
CT,data_analyst,0,0,0,41.599998,-72.699997
CT,data_analyst,0,0,0,41.599998,-72.699997
CT,data_analyst,0,0,0,41.599998,-72.699997
CT,data_analyst,0,0,0,41.599998,-72.699997
CT,data_analyst,0,0,0,41.599998,-72.699997
CT,data_analyst,0,0,0,41.599998,-72.699997
CT,data_analyst,0,0,1,41.599998,-72.699997
CT,data_analyst,0,0,0,41.599998,-72.699997
CT,data_analyst,0,0,0,41.599998,-72.699997
CT,data_analyst,0,0,0,41.599998,-72.699997
CT,data_analyst,0,0,0,41.599998,-72.699997
CT,data_analyst,0,0,0,41.599998,-72.699997
CT,data_analyst,0,0,0,41.599998,-72.699997
CT,data_analyst,0,0,0,41.599998,-72.699997
CT,data_analyst,0,0,0,41.599998,-72.699997
CT,data_analyst,0,0,0,41.599998,-72.699997
CT,data_analyst,0,1,0,41.599998,-72.699997
CT,data_analyst,0,0,0,41.599998,-72.699997
CT,data_analyst,0,0,0,41.599998,-72.699997
CT,data_analyst,0,0,1,41.599998,-72.699997
CT,data_analyst,0,1,1,41.599998,-72.699997
CT,data_analyst,0,0,0,41.599998,-72.699997
CT,data_analyst,1,1,1,41.599998,-72.699997
CT,data_analyst,0,1,1,41.599998,-72.699997
CT,data_analyst,0,0,0,41.599998,-72.699997
CT,data_analyst,0,0,0,41.599998,-72.699997
CT,data_analyst,0,0,0,41.599998,-72.699997
CT,data_analyst,0,0,0,41.599998,-72.699997
DC,data_analyst,0,0,0,47.751076,-120.740135
DC,data_analyst,0,0,1,47.751076,-120.740135
DC,data_analyst,0,0,1,47.751076,-120.740135
DC,data_analyst,0,0,0,47.751076,-120.740135
DC,data_analyst,0,0,0,47.751076,-120.740135
DC,data_analyst,0,0,0,47.751076,-120.740135
DC,data_analyst,0,0,0,47.751076,-120.740135
DC,data_analyst,0,0,0,47.751076,-120.740135
DC,data_analyst,0,0,0,47.751076,-120.740135
DC,data_analyst,0,0,0,47.751076,-120.740135
DC,data_analyst,0,0,0,47.751076,-120.740135
DC,data_analyst,0,0,0,47.751076,-120.740135
DC,data_analyst,0,0,0,47.751076,-120.740135
DC,data_analyst,0,0,1,47.751076,-120.740135
DC,data_analyst,0,0,0,47.751076,-120.740135
DC,data_analyst,0,0,0,47.751076,-120.740135
DC,data_analyst,0,0,1,47.751076,-120.740135
DC,data_analyst,0,0,0,47.751076,-120.740135
DC,data_analyst,1,0,0,47.751076,-120.740135
DC,data_analyst,0,0,1,47.751076,-120.740135
DC,data_analyst,0,0,0,47.751076,-120.740135
DC,data_analyst,0,0,0,47.751076,-120.740135
DC,data_analyst,0,0,0,47.751076,-120.740135
DC,data_analyst,0,0,0,47.751076,-120.740135
DC,data_analyst,0,0,0,47.751076,-120.740135
DC,data_analyst,0,0,0,47.751076,-120.740135
DC,data_analyst,1,0,1,47.751076,-120.740135
DC,data_analyst,0,0,0,47.751076,-120.740135
DC,data_analyst,0,0,0,47.751076,-120.740135
DC,data_analyst,0,0,0,47.751076,-120.740135
DC,data_analyst,0,0,1,47.751076,-120.740135
DC,data_analyst,0,0,1,47.751076,-120.740135
DC,data_analyst,0,0,0,47.751076,-120.740135
DC,data_analyst,0,0,0,47.751076,-120.740135
DC,data_analyst,0,0,0,47.751076,-120.740135
DC,data_analyst,0,0,0,47.751076,-120.740135
DC,data_analyst,0,0,0,47.751076,-120.740135
DC,data_analyst,0,0,1,47.751076,-120.740135
DC,data_analyst,0,0,0,47.751076,-120.740135
DC,data_analyst,1,1,1,47.751076,-120.740135
DC,data_analyst,0,0,1,47.751076,-120.740135
DC,data_analyst,1,1,0,47.751076,-120.740135
DC,data_analyst,0,0,1,47.751076,-120.740135
DC,data_analyst,0,1,0,47.751076,-120.740135
DC,data_analyst,1,1,1,47.751076,-120.740135
DC,data_analyst,1,0,1,47.751076,-120.740135
DC,data_analyst,1,0,1,47.751076,-120.740135
DC,data_analyst,1,1,0,47.751076,-120.740135
DE,data_analyst,0,0,1,39,-75.5
DE,data_analyst,0,0,1,39,-75.5
DE,data_analyst,0,0,1,39,-75.5
DE,data_analyst,0,0,1,39,-75.5
DE,data_analyst,0,0,1,39,-75.5
DE,data_analyst,0,0,0,39,-75.5
FL,data_analyst,0,0,1,27.994402,-81.760254
FL,data_analyst,0,0,1,27.994402,-81.760254
FL,data_analyst,0,0,1,27.994402,-81.760254
FL,data_analyst,0,0,1,27.994402,-81.760254
FL,data_analyst,0,0,1,27.994402,-81.760254
FL,data_analyst,0,0,0,27.994402,-81.760254
FL,data_analyst,0,0,1,27.994402,-81.760254
FL,data_analyst,0,0,0,27.994402,-81.760254
FL,data_analyst,0,0,0,27.994402,-81.760254
FL,data_analyst,0,0,1,27.994402,-81.760254
FL,data_analyst,0,0,0,27.994402,-81.760254
FL,data_analyst,0,0,1,27.994402,-81.760254
FL,data_analyst,0,0,0,27.994402,-81.760254
FL,data_analyst,0,0,0,27.994402,-81.760254
FL,data_analyst,0,0,1,27.994402,-81.760254
FL,data_analyst,0,0,0,27.994402,-81.760254
FL,data_analyst,0,0,0,27.994402,-81.760254
FL,data_analyst,0,0,0,27.994402,-81.760254
FL,data_analyst,0,0,0,27.994402,-81.760254
FL,data_analyst,0,0,0,27.994402,-81.760254
FL,data_analyst,0,0,0,27.994402,-81.760254
FL,data_analyst,0,0,1,27.994402,-81.760254
FL,data_analyst,0,0,1,27.994402,-81.760254
FL,data_analyst,0,0,0,27.994402,-81.760254
FL,data_analyst,0,0,1,27.994402,-81.760254
FL,data_analyst,0,0,1,27.994402,-81.760254
FL,data_analyst,1,0,0,27.994402,-81.760254
FL,data_analyst,0,0,0,27.994402,-81.760254
FL,data_analyst,0,0,1,27.994402,-81.760254
FL,data_analyst,0,0,0,27.994402,-81.760254
FL,data_analyst,1,0,0,27.994402,-81.760254
FL,data_analyst,0,0,1,27.994402,-81.760254
FL,data_analyst,0,0,1,27.994402,-81.760254
FL,data_analyst,0,0,0,27.994402,-81.760254
FL,data_analyst,0,0,0,27.994402,-81.760254
FL,data_analyst,1,0,1,27.994402,-81.760254
FL,data_analyst,0,0,0,27.994402,-81.760254
FL,data_analyst,0,0,0,27.994402,-81.760254
FL,data_analyst,0,0,0,27.994402,-81.760254
FL,data_analyst,0,0,0,27.994402,-81.760254
FL,data_analyst,0,0,1,27.994402,-81.760254
FL,data_analyst,0,0,0,27.994402,-81.760254
FL,data_analyst,0,0,0,27.994402,-81.760254
FL,data_analyst,0,0,0,27.994402,-81.760254
GA,data_analyst,0,0,0,33.247875,-83.441162
GA,data_analyst,0,0,0,33.247875,-83.441162
GA,data_analyst,0,0,0,33.247875,-83.441162
GA,data_analyst,0,0,0,33.247875,-83.441162
GA,data_analyst,0,0,0,33.247875,-83.441162
GA,data_analyst,0,0,0,33.247875,-83.441162
GA,data_analyst,0,0,0,33.247875,-83.441162
GA,data_analyst,0,0,0,33.247875,-83.441162
GA,data_analyst,0,0,0,33.247875,-83.441162
GA,data_analyst,0,0,1,33.247875,-83.441162
GA,data_analyst,0,0,0,33.247875,-83.441162
GA,data_analyst,0,0,0,33.247875,-83.441162
GA,data_analyst,0,0,0,33.247875,-83.441162
GA,data_analyst,0,0,0,33.247875,-83.441162
GA,data_analyst,0,1,0,33.247875,-83.441162
GA,data_analyst,0,0,0,33.247875,-83.441162
GA,data_analyst,0,0,0,33.247875,-83.441162
GA,data_analyst,0,0,1,33.247875,-83.441162
GA,data_analyst,0,0,0,33.247875,-83.441162
GA,data_analyst,0,0,0,33.247875,-83.441162
GA,data_analyst,0,0,0,33.247875,-83.441162
GA,data_analyst,0,0,0,33.247875,-83.441162
GA,data_analyst,0,0,0,33.247875,-83.441162
GA,data_analyst,0,0,0,33.247875,-83.441162
GA,data_analyst,0,0,0,33.247875,-83.441162
GA,data_analyst,0,0,0,33.247875,-83.441162
GA,data_analyst,0,0,0,33.247875,-83.441162
GA,data_analyst,0,0,0,33.247875,-83.441162
GA,data_analyst,0,0,0,33.247875,-83.441162
GA,data_analyst,0,0,0,33.247875,-83.441162
GA,data_analyst,0,0,1,33.247875,-83.441162
GA,data_analyst,1,0,0,33.247875,-83.441162
GA,data_analyst,0,0,0,33.247875,-83.441162
GA,data_analyst,1,0,0,33.247875,-83.441162
GA,data_analyst,0,0,0,33.247875,-83.441162
GA,data_analyst,0,0,0,33.247875,-83.441162
GA,data_analyst,0,0,1,33.247875,-83.441162
GA,data_analyst,0,0,0,33.247875,-83.441162
GA,data_analyst,0,0,0,33.247875,-83.441162
GA,data_analyst,0,0,0,33.247875,-83.441162
GA,data_analyst,0,0,0,33.247875,-83.441162
GA,data_analyst,0,0,0,33.247875,-83.441162
GA,data_analyst,0,0,0,33.247875,-83.441162
GA,data_analyst,0,0,0,33.247875,-83.441162
GA,data_analyst,1,0,1,33.247875,-83.441162
GA,data_analyst,0,0,1,33.247875,-83.441162
GA,data_analyst,1,0,0,33.247875,-83.441162
GA,data_analyst,0,0,0,33.247875,-83.441162
GA,data_analyst,0,0,0,33.247875,-83.441162
GA,data_analyst,0,0,1,33.247875,-83.441162
GA,data_analyst,0,0,0,33.247875,-83.441162
GA,data_analyst,0,0,0,33.247875,-83.441162
GA,data_analyst,0,0,0,33.247875,-83.441162
GA,data_analyst,1,0,0,33.247875,-83.441162
GA,data_analyst,1,1,0,33.247875,-83.441162
GA,data_analyst,0,0,1,33.247875,-83.441162
GA,data_analyst,1,0,1,33.247875,-83.441162
GA,data_analyst,0,0,0,33.247875,-83.441162
GA,data_analyst,0,0,0,33.247875,-83.441162
HI,data_analyst,0,0,0,19.741755,-155.844437
HI,data_analyst,0,0,0,19.741755,-155.844437
IA,data_analyst,0,0,0,42.032974,-93.581543
IA,data_analyst,0,0,1,42.032974,-93.581543
IA,data_analyst,0,0,0,42.032974,-93.581543
IA,data_analyst,0,0,0,42.032974,-93.581543
IA,data_analyst,0,0,0,42.032974,-93.581543
IA,data_analyst,0,0,0,42.032974,-93.581543
IA,data_analyst,0,0,0,42.032974,-93.581543
IA,data_analyst,0,0,0,42.032974,-93.581543
IA,data_analyst,0,0,0,42.032974,-93.581543
IA,data_analyst,0,0,0,42.032974,-93.581543
ID,data_analyst,0,0,0,44.068203,-114.742043
IL,data_analyst,0,0,1,40,-89
IL,data_analyst,0,0,0,40,-89
IL,data_analyst,0,0,0,40,-89
IL,data_analyst,0,0,1,40,-89
IL,data_analyst,0,0,0,40,-89
IL,data_analyst,0,0,0,40,-89
IL,data_analyst,0,0,0,40,-89
IL,data_analyst,0,0,0,40,-89
IL,data_analyst,0,0,0,40,-89
IL,data_analyst,0,0,0,40,-89
IL,data_analyst,0,0,0,40,-89
IL,data_analyst,0,0,0,40,-89
IL,data_analyst,0,0,0,40,-89
IL,data_analyst,0,0,1,40,-89
IL,data_analyst,0,0,0,40,-89
IL,data_analyst,0,0,1,40,-89
IL,data_analyst,0,0,0,40,-89
IL,data_analyst,0,0,0,40,-89
IL,data_analyst,0,0,0,40,-89
IL,data_analyst,0,0,0,40,-89
IL,data_analyst,0,0,0,40,-89
IL,data_analyst,0,0,0,40,-89
IL,data_analyst,0,0,0,40,-89
IL,data_analyst,0,0,0,40,-89
IL,data_analyst,0,0,0,40,-89
IL,data_analyst,0,0,1,40,-89
IL,data_analyst,0,0,0,40,-89
IL,data_analyst,0,0,1,40,-89
IL,data_analyst,0,0,0,40,-89
IL,data_analyst,0,0,1,40,-89
IL,data_analyst,0,1,1,40,-89
IL,data_analyst,0,0,0,40,-89
IL,data_analyst,1,0,0,40,-89
IL,data_analyst,1,0,0,40,-89
IL,data_analyst,0,0,1,40,-89
IL,data_analyst,0,0,0,40,-89
IL,data_analyst,0,0,1,40,-89
IL,data_analyst,0,0,1,40,-89
IL,data_analyst,0,0,0,40,-89
IL,data_analyst,0,0,0,40,-89
IL,data_analyst,0,0,1,40,-89
IL,data_analyst,0,0,1,40,-89
IL,data_analyst,1,0,0,40,-89
IL,data_analyst,0,1,1,40,-89
IL,data_analyst,0,0,0,40,-89
IL,data_analyst,0,0,0,40,-89
IL,data_analyst,0,0,0,40,-89
IL,data_analyst,0,0,0,40,-89
IL,data_analyst,0,0,0,40,-89
IL,data_analyst,0,0,0,40,-89
IL,data_analyst,0,0,1,40,-89
IL,data_analyst,0,0,0,40,-89
IL,data_analyst,0,0,0,40,-89
IL,data_analyst,1,0,0,40,-89
IL,data_analyst,0,0,0,40,-89
IL,data_analyst,0,1,0,40,-89
IL,data_analyst,0,1,0,40,-89
IL,data_analyst,0,0,1,40,-89
IL,data_analyst,0,1,0,40,-89
IL,data_analyst,0,0,0,40,-89
IL,data_analyst,0,0,0,40,-89
IL,data_analyst,0,0,1,40,-89
IL,data_analyst,1,0,1,40,-89
IL,data_analyst,0,0,1,40,-89
IL,data_analyst,0,0,0,40,-89
IL,data_analyst,0,0,0,40,-89
IN,data_analyst,1,0,1,40.273502,-86.126976
IN,data_analyst,0,0,0,40.273502,-86.126976
IN,data_analyst,0,0,0,40.273502,-86.126976
IN,data_analyst,0,0,0,40.273502,-86.126976
IN,data_analyst,0,0,0,40.273502,-86.126976
IN,data_analyst,0,0,0,40.273502,-86.126976
IN,data_analyst,0,0,0,40.273502,-86.126976
IN,data_analyst,0,0,0,40.273502,-86.126976
IN,data_analyst,0,0,1,40.273502,-86.126976
IN,data_analyst,0,0,0,40.273502,-86.126976
IN,data_analyst,0,0,0,40.273502,-86.126976
IN,data_analyst,0,0,0,40.273502,-86.126976
IN,data_analyst,0,0,0,40.273502,-86.126976
IN,data_analyst,0,0,0,40.273502,-86.126976
IN,data_analyst,0,0,0,40.273502,-86.126976
IN,data_analyst,0,0,1,40.273502,-86.126976
IN,data_analyst,0,0,1,40.273502,-86.126976
IN,data_analyst,0,0,0,40.273502,-86.126976
IN,data_analyst,1,0,0,40.273502,-86.126976
IN,data_analyst,0,0,0,40.273502,-86.126976
KS,data_analyst,0,0,0,38.5,-98
KY,data_analyst,0,0,0,37.839333,-84.27002
KY,data_analyst,0,0,0,37.839333,-84.27002
KY,data_analyst,0,0,0,37.839333,-84.27002
KY,data_analyst,0,0,0,37.839333,-84.27002
KY,data_analyst,0,0,0,37.839333,-84.27002
KY,data_analyst,0,0,0,37.839333,-84.27002
LA,data_analyst,0,0,1,30.39183,-92.329102
MA,data_analyst,0,0,0,45.376584,-68.972168
MA,data_analyst,0,0,0,45.376584,-68.972168
MA,data_analyst,0,0,0,45.376584,-68.972168
MA,data_analyst,0,0,0,45.376584,-68.972168
MA,data_analyst,0,0,0,45.376584,-68.972168
MA,data_analyst,0,0,0,45.376584,-68.972168
MA,data_analyst,0,0,0,45.376584,-68.972168
MA,data_analyst,0,0,0,45.376584,-68.972168
MA,data_analyst,1,0,0,45.376584,-68.972168
MA,data_analyst,0,0,0,45.376584,-68.972168
MA,data_analyst,1,0,0,45.376584,-68.972168
MA,data_analyst,0,0,0,45.376584,-68.972168
MA,data_analyst,0,0,0,45.376584,-68.972168
MA,data_analyst,0,0,0,45.376584,-68.972168
MA,data_analyst,0,0,0,45.376584,-68.972168
MA,data_analyst,0,0,1,45.376584,-68.972168
MA,data_analyst,0,0,1,45.376584,-68.972168
MA,data_analyst,0,0,0,45.376584,-68.972168
MA,data_analyst,0,0,0,45.376584,-68.972168
MA,data_analyst,0,0,0,45.376584,-68.972168
MA,data_analyst,0,0,1,45.376584,-68.972168
MA,data_analyst,0,0,0,45.376584,-68.972168
MA,data_analyst,0,0,1,45.376584,-68.972168
MA,data_analyst,0,0,0,45.376584,-68.972168
MA,data_analyst,0,0,0,45.376584,-68.972168
MA,data_analyst,0,0,0,45.376584,-68.972168
MA,data_analyst,0,0,1,45.376584,-68.972168
MA,data_analyst,0,0,0,45.376584,-68.972168
MA,data_analyst,0,0,1,45.376584,-68.972168
MA,data_analyst,0,0,0,45.376584,-68.972168
MA,data_analyst,0,0,0,45.376584,-68.972168
MA,data_analyst,0,0,0,45.376584,-68.972168
MA,data_analyst,0,0,0,45.376584,-68.972168
MA,data_analyst,0,0,0,45.376584,-68.972168
MA,data_analyst,0,0,0,45.376584,-68.972168
MA,data_analyst,0,0,0,45.376584,-68.972168
MA,data_analyst,0,0,0,45.376584,-68.972168
MA,data_analyst,0,0,0,45.376584,-68.972168
MA,data_analyst,1,0,0,45.376584,-68.972168
MA,data_analyst,0,0,0,45.376584,-68.972168
MA,data_analyst,0,0,1,45.376584,-68.972168
MA,data_analyst,0,0,0,45.376584,-68.972168
MA,data_analyst,0,0,0,45.376584,-68.972168
MA,data_analyst,0,0,0,45.376584,-68.972168
MA,data_analyst,0,0,1,45.376584,-68.972168
MA,data_analyst,0,0,0,45.376584,-68.972168
MA,data_analyst,0,0,0,45.376584,-68.972168
MA,data_analyst,0,0,0,45.376584,-68.972168
MA,data_analyst,0,0,1,45.376584,-68.972168
MA,data_analyst,0,0,0,45.376584,-68.972168
MA,data_analyst,0,0,0,45.376584,-68.972168
MA,data_analyst,0,0,0,45.376584,-68.972168
MA,data_analyst,0,0,0,45.376584,-68.972168
MA,data_analyst,0,0,0,45.376584,-68.972168
MA,data_analyst,0,0,0,45.376584,-68.972168
MA,data_analyst,0,0,0,45.376584,-68.972168
MA,data_analyst,0,0,0,45.376584,-68.972168
MA,data_analyst,0,0,0,45.376584,-68.972168
MA,data_analyst,0,1,1,45.376584,-68.972168
MA,data_analyst,0,0,0,45.376584,-68.972168
MA,data_analyst,0,0,0,45.376584,-68.972168
MA,data_analyst,0,0,0,45.376584,-68.972168
MA,data_analyst,0,0,1,45.376584,-68.972168
MA,data_analyst,0,0,1,45.376584,-68.972168
MA,data_analyst,0,0,1,45.376584,-68.972168
MA,data_analyst,0,0,1,45.376584,-68.972168
MA,data_analyst,0,0,0,45.376584,-68.972168
MA,data_analyst,1,0,0,45.376584,-68.972168
MA,data_analyst,0,0,0,45.376584,-68.972168
MA,data_analyst,0,0,0,45.376584,-68.972168
MA,data_analyst,1,0,1,45.376584,-68.972168
MA,data_analyst,0,0,0,45.376584,-68.972168
MA,data_analyst,0,0,0,45.376584,-68.972168
MA,data_analyst,0,0,1,45.376584,-68.972168
MA,data_analyst,0,0,0,45.376584,-68.972168
MA,data_analyst,0,0,1,45.376584,-68.972168
MA,data_analyst,0,0,0,45.376584,-68.972168
MA,data_analyst,0,0,0,45.376584,-68.972168
MA,data_analyst,1,0,1,45.376584,-68.972168
MA,data_analyst,0,0,1,45.376584,-68.972168
MA,data_analyst,0,0,0,45.376584,-68.972168
MA,data_analyst,0,0,0,45.376584,-68.972168
MA,data_analyst,0,0,0,45.376584,-68.972168
MA,data_analyst,0,0,0,45.376584,-68.972168
MA,data_analyst,0,0,0,45.376584,-68.972168
MA,data_analyst,0,0,1,45.376584,-68.972168
MD,data_analyst,0,0,0,39.045753,-76.641273
MD,data_analyst,0,0,1,39.045753,-76.641273
MD,data_analyst,0,0,0,39.045753,-76.641273
MD,data_analyst,0,0,1,39.045753,-76.641273
MD,data_analyst,0,0,0,39.045753,-76.641273
MD,data_analyst,0,0,1,39.045753,-76.641273
MD,data_analyst,0,0,0,39.045753,-76.641273
MD,data_analyst,0,0,0,39.045753,-76.641273
MD,data_analyst,0,0,1,39.045753,-76.641273
MD,data_analyst,1,0,0,39.045753,-76.641273
MD,data_analyst,0,0,0,39.045753,-76.641273
MD,data_analyst,0,0,0,39.045753,-76.641273
MD,data_analyst,0,0,0,39.045753,-76.641273
MD,data_analyst,0,0,0,39.045753,-76.641273
MD,data_analyst,0,0,0,39.045753,-76.641273
MD,data_analyst,0,0,0,39.045753,-76.641273
MD,data_analyst,0,0,0,39.045753,-76.641273
MD,data_analyst,0,0,1,39.045753,-76.641273
MD,data_analyst,0,0,0,39.045753,-76.641273
MD,data_analyst,0,0,0,39.045753,-76.641273
MD,data_analyst,0,0,1,39.045753,-76.641273
MD,data_analyst,0,0,0,39.045753,-76.641273
MD,data_analyst,0,0,1,39.045753,-76.641273
MD,data_analyst,0,0,1,39.045753,-76.641273
MD,data_analyst,0,0,0,39.045753,-76.641273
MD,data_analyst,0,0,0,39.045753,-76.641273
MD,data_analyst,0,0,1,39.045753,-76.641273
MD,data_analyst,0,0,0,39.045753,-76.641273
MD,data_analyst,1,0,1,39.045753,-76.641273
MD,data_analyst,0,0,1,39.045753,-76.641273
MD,data_analyst,0,0,1,39.045753,-76.641273
MD,data_analyst,0,0,1,39.045753,-76.641273
MD,data_analyst,0,1,1,39.045753,-76.641273
MD,data_analyst,0,1,1,39.045753,-76.641273
MD,data_analyst,0,0,0,39.045753,-76.641273
MD,data_analyst,0,0,1,39.045753,-76.641273
MD,data_analyst,0,0,0,39.045753,-76.641273
MD,data_analyst,0,0,1,39.045753,-76.641273
MD,data_analyst,0,0,1,39.045753,-76.641273
MD,data_analyst,0,0,1,39.045753,-76.641273
MD,data_analyst,0,0,0,39.045753,-76.641273
MD,data_analyst,0,0,1,39.045753,-76.641273
MD,data_analyst,0,0,0,39.045753,-76.641273
MD,data_analyst,0,1,0,39.045753,-76.641273
MD,data_analyst,0,0,0,39.045753,-76.641273
MD,data_analyst,0,0,0,39.045753,-76.641273
MD,data_analyst,0,0,0,39.045753,-76.641273
MD,data_analyst,0,0,0,39.045753,-76.641273
MD,data_analyst,0,0,0,39.045753,-76.641273
MD,data_analyst,0,0,0,39.045753,-76.641273
MD,data_analyst,0,0,1,39.045753,-76.641273
MD,data_analyst,0,1,0,39.045753,-76.641273
MD,data_analyst,0,0,0,39.045753,-76.641273
MD,data_analyst,0,0,0,39.045753,-76.641273
MD,data_analyst,0,0,0,39.045753,-76.641273
ME,data_analyst,0,0,1,45.376584,-68.972168
ME,data_analyst,0,0,0,45.376584,-68.972168
ME,data_analyst,0,0,0,45.376584,-68.972168
ME,data_analyst,0,0,1,45.376584,-68.972168
ME,data_analyst,0,0,0,45.376584,-68.972168
ME,data_analyst,0,0,0,45.376584,-68.972168
MI,data_analyst,0,0,0,44.182205,-84.506836
MI,data_analyst,0,0,0,44.182205,-84.506836
MI,data_analyst,0,0,0,44.182205,-84.506836
MI,data_analyst,0,0,0,44.182205,-84.506836
MI,data_analyst,0,0,0,44.182205,-84.506836
MI,data_analyst,0,0,0,44.182205,-84.506836
MI,data_analyst,0,0,0,44.182205,-84.506836
MI,data_analyst,0,0,1,44.182205,-84.506836
MI,data_analyst,0,0,0,44.182205,-84.506836
MI,data_analyst,0,0,1,44.182205,-84.506836
MI,data_analyst,0,0,0,44.182205,-84.506836
MI,data_analyst,0,0,0,44.182205,-84.506836
MI,data_analyst,0,0,1,44.182205,-84.506836
MI,data_analyst,0,0,0,44.182205,-84.506836
MI,data_analyst,0,0,0,44.182205,-84.506836
MI,data_analyst,0,0,1,44.182205,-84.506836
MI,data_analyst,0,0,0,44.182205,-84.506836
MI,data_analyst,0,0,0,44.182205,-84.506836
MI,data_analyst,0,0,0,44.182205,-84.506836
MI,data_analyst,0,0,1,44.182205,-84.506836
MI,data_analyst,0,0,1,44.182205,-84.506836
MI,data_analyst,0,0,1,44.182205,-84.506836
MI,data_analyst,0,0,0,44.182205,-84.506836
MI,data_analyst,0,0,1,44.182205,-84.506836
MI,data_analyst,0,0,0,44.182205,-84.506836
MI,data_analyst,1,0,0,44.182205,-84.506836
MI,data_analyst,0,0,0,44.182205,-84.506836
MI,data_analyst,0,0,0,44.182205,-84.506836
MI,data_analyst,0,0,0,44.182205,-84.506836
MI,data_analyst,0,0,0,44.182205,-84.506836
MI,data_analyst,0,0,0,44.182205,-84.506836
MI,data_analyst,0,0,0,44.182205,-84.506836
MI,data_analyst,0,0,1,44.182205,-84.506836
MI,data_analyst,0,0,1,44.182205,-84.506836
MI,data_analyst,0,0,1,44.182205,-84.506836
MI,data_analyst,0,0,1,44.182205,-84.506836
MI,data_analyst,0,0,1,44.182205,-84.506836
MI,data_analyst,0,0,0,44.182205,-84.506836
MI,data_analyst,0,0,0,44.182205,-84.506836
MN,data_analyst,0,0,1,46.39241,-94.63623
MN,data_analyst,0,0,1,46.39241,-94.63623
MN,data_analyst,1,0,0,46.39241,-94.63623
MN,data_analyst,0,0,0,46.39241,-94.63623
MN,data_analyst,0,0,0,46.39241,-94.63623
MN,data_analyst,0,0,1,46.39241,-94.63623
MN,data_analyst,0,0,0,46.39241,-94.63623
MN,data_analyst,0,1,1,46.39241,-94.63623
MN,data_analyst,0,0,1,46.39241,-94.63623
MN,data_analyst,0,0,1,46.39241,-94.63623
MN,data_analyst,0,0,0,46.39241,-94.63623
MN,data_analyst,0,0,1,46.39241,-94.63623
MN,data_analyst,1,0,1,46.39241,-94.63623
MN,data_analyst,0,0,0,46.39241,-94.63623
MN,data_analyst,1,0,0,46.39241,-94.63623
MN,data_analyst,0,0,0,46.39241,-94.63623
MN,data_analyst,0,0,0,46.39241,-94.63623
MN,data_analyst,0,0,1,46.39241,-94.63623
MN,data_analyst,0,0,0,46.39241,-94.63623
MN,data_analyst,1,0,0,46.39241,-94.63623
MN,data_analyst,0,0,0,46.39241,-94.63623
MN,data_analyst,0,0,0,46.39241,-94.63623
MN,data_analyst,1,0,0,46.39241,-94.63623
MN,data_analyst,0,0,0,46.39241,-94.63623
MN,data_analyst,0,0,0,46.39241,-94.63623
MN,data_analyst,0,0,1,46.39241,-94.63623
MN,data_analyst,0,0,0,46.39241,-94.63623
MO,data_analyst,0,0,0,38.573936,-92.60376
MO,data_analyst,0,0,0,38.573936,-92.60376
MO,data_analyst,0,0,0,38.573936,-92.60376
MO,data_analyst,0,0,0,38.573936,-92.60376
MO,data_analyst,0,0,1,38.573936,-92.60376
MO,data_analyst,0,0,0,38.573936,-92.60376
MO,data_analyst,0,0,0,38.573936,-92.60376
MO,data_analyst,0,0,0,38.573936,-92.60376
MO,data_analyst,0,0,0,38.573936,-92.60376
MO,data_analyst,0,0,0,38.573936,-92.60376
MO,data_analyst,0,0,0,38.573936,-92.60376
MO,data_analyst,0,0,1,38.573936,-92.60376
MO,data_analyst,0,0,0,38.573936,-92.60376
MO,data_analyst,0,0,0,38.573936,-92.60376
MO,data_analyst,1,0,0,38.573936,-92.60376
MO,data_analyst,0,0,0,38.573936,-92.60376
MO,data_analyst,0,0,0,38.573936,-92.60376
MO,data_analyst,0,0,0,38.573936,-92.60376
MO,data_analyst,0,0,0,38.573936,-92.60376
MO,data_analyst,0,0,0,38.573936,-92.60376
MO,data_analyst,0,0,0,38.573936,-92.60376
MO,data_analyst,0,0,1,38.573936,-92.60376
MO,data_analyst,0,0,0,38.573936,-92.60376
MO,data_analyst,0,0,1,38.573936,-92.60376
MO,data_analyst,0,0,1,38.573936,-92.60376
MO,data_analyst,0,1,1,38.573936,-92.60376
MO,data_analyst,0,0,1,38.573936,-92.60376
MO,data_analyst,0,0,0,38.573936,-92.60376
MO,data_analyst,0,0,0,38.573936,-92.60376
MO,data_analyst,0,0,0,38.573936,-92.60376
MO,data_analyst,0,0,0,38.573936,-92.60376
MO,data_analyst,0,0,0,38.573936,-92.60376
MO,data_analyst,0,0,1,38.573936,-92.60376
MO,data_analyst,0,0,0,38.573936,-92.60376
MO,data_analyst,0,0,0,38.573936,-92.60376
MO,data_analyst,0,0,0,38.573936,-92.60376
MO,data_analyst,1,0,0,38.573936,-92.60376
NC,data_analyst,0,0,0,35.782169,-80.793457
NC,data_analyst,0,0,0,35.782169,-80.793457
NC,data_analyst,0,0,0,35.782169,-80.793457
NC,data_analyst,0,0,0,35.782169,-80.793457
NC,data_analyst,0,0,0,35.782169,-80.793457
NC,data_analyst,0,0,0,35.782169,-80.793457
NC,data_analyst,1,0,0,35.782169,-80.793457
NC,data_analyst,0,0,1,35.782169,-80.793457
NC,data_analyst,0,0,0,35.782169,-80.793457
NC,data_analyst,0,0,0,35.782169,-80.793457
NC,data_analyst,0,0,0,35.782169,-80.793457
NC,data_analyst,0,0,0,35.782169,-80.793457
NC,data_analyst,0,0,0,35.782169,-80.793457
NC,data_analyst,0,0,0,35.782169,-80.793457
NC,data_analyst,0,0,0,35.782169,-80.793457
NC,data_analyst,0,0,0,35.782169,-80.793457
NC,data_analyst,0,0,0,35.782169,-80.793457
NC,data_analyst,0,0,0,35.782169,-80.793457
NC,data_analyst,0,0,0,35.782169,-80.793457
NC,data_analyst,0,0,0,35.782169,-80.793457
NC,data_analyst,0,0,0,35.782169,-80.793457
NC,data_analyst,0,0,0,35.782169,-80.793457
NC,data_analyst,0,0,0,35.782169,-80.793457
NC,data_analyst,0,0,0,35.782169,-80.793457
NC,data_analyst,0,0,0,35.782169,-80.793457
NC,data_analyst,0,0,0,35.782169,-80.793457
NC,data_analyst,0,0,0,35.782169,-80.793457
NC,data_analyst,0,0,0,35.782169,-80.793457
NC,data_analyst,0,0,0,35.782169,-80.793457
NC,data_analyst,0,0,1,35.782169,-80.793457
NC,data_analyst,0,0,0,35.782169,-80.793457
NC,data_analyst,0,0,0,35.782169,-80.793457
NC,data_analyst,0,0,0,35.782169,-80.793457
NC,data_analyst,0,0,0,35.782169,-80.793457
NC,data_analyst,0,0,0,35.782169,-80.793457
NC,data_analyst,0,0,0,35.782169,-80.793457
NC,data_analyst,0,0,0,35.782169,-80.793457
NC,data_analyst,0,0,0,35.782169,-80.793457
NC,data_analyst,0,0,1,35.782169,-80.793457
NC,data_analyst,0,0,0,35.782169,-80.793457
NC,data_analyst,0,0,0,35.782169,-80.793457
NC,data_analyst,0,0,0,35.782169,-80.793457
NC,data_analyst,0,0,0,35.782169,-80.793457
NC,data_analyst,0,0,0,35.782169,-80.793457
NC,data_analyst,0,0,0,35.782169,-80.793457
NC,data_analyst,1,1,0,35.782169,-80.793457
NE,data_analyst,0,0,0,-1.554123,-96.940916
NH,data_analyst,0,0,1,44,-71.5
NH,data_analyst,0,0,1,44,-71.5
NJ,data_analyst,0,0,0,39.833851,-74.871826
NJ,data_analyst,0,0,1,39.833851,-74.871826
NJ,data_analyst,0,0,0,39.833851,-74.871826
NJ,data_analyst,0,0,0,39.833851,-74.871826
NJ,data_analyst,0,0,0,39.833851,-74.871826
NJ,data_analyst,0,0,1,39.833851,-74.871826
NJ,data_analyst,0,0,0,39.833851,-74.871826
NJ,data_analyst,0,0,0,39.833851,-74.871826
NJ,data_analyst,0,0,0,39.833851,-74.871826
NJ,data_analyst,0,0,0,39.833851,-74.871826
NJ,data_analyst,0,0,0,39.833851,-74.871826
NJ,data_analyst,0,0,0,39.833851,-74.871826
NJ,data_analyst,0,0,0,39.833851,-74.871826
NJ,data_analyst,0,0,1,39.833851,-74.871826
NJ,data_analyst,0,0,1,39.833851,-74.871826
NJ,data_analyst,0,0,1,39.833851,-74.871826
NJ,data_analyst,0,0,0,39.833851,-74.871826
NJ,data_analyst,0,0,0,39.833851,-74.871826
NJ,data_analyst,0,0,0,39.833851,-74.871826
NJ,data_analyst,0,0,0,39.833851,-74.871826
NJ,data_analyst,0,0,1,39.833851,-74.871826
NJ,data_analyst,1,1,0,39.833851,-74.871826
NJ,data_analyst,0,0,0,39.833851,-74.871826
NJ,data_analyst,0,0,1,39.833851,-74.871826
NJ,data_analyst,0,0,0,39.833851,-74.871826
NJ,data_analyst,0,1,0,39.833851,-74.871826
NJ,data_analyst,1,0,0,39.833851,-74.871826
NJ,data_analyst,0,0,0,39.833851,-74.871826
NJ,data_analyst,0,0,0,39.833851,-74.871826
NJ,data_analyst,0,0,0,39.833851,-74.871826
NJ,data_analyst,0,0,1,39.833851,-74.871826
NJ,data_analyst,0,0,1,39.833851,-74.871826
NJ,data_analyst,0,0,0,39.833851,-74.871826
NJ,data_analyst,0,0,0,39.833851,-74.871826
NJ,data_analyst,0,0,0,39.833851,-74.871826
NJ,data_analyst,0,0,0,39.833851,-74.871826
NJ,data_analyst,0,0,0,39.833851,-74.871826
NJ,data_analyst,0,0,1,39.833851,-74.871826
NJ,data_analyst,0,0,0,39.833851,-74.871826
NJ,data_analyst,0,0,0,39.833851,-74.871826
NJ,data_analyst,0,0,0,39.833851,-74.871826
NJ,data_analyst,0,0,0,39.833851,-74.871826
NJ,data_analyst,1,0,0,39.833851,-74.871826
NJ,data_analyst,1,0,1,39.833851,-74.871826
NJ,data_analyst,0,0,1,39.833851,-74.871826
NJ,data_analyst,1,0,0,39.833851,-74.871826
NJ,data_analyst,0,0,0,39.833851,-74.871826
NJ,data_analyst,0,1,0,39.833851,-74.871826
NJ,data_analyst,0,0,1,39.833851,-74.871826
NJ,data_analyst,0,1,0,39.833851,-74.871826
NJ,data_analyst,0,0,1,39.833851,-74.871826
NJ,data_analyst,1,0,0,39.833851,-74.871826
NJ,data_analyst,0,0,0,39.833851,-74.871826
NJ,data_analyst,0,0,0,39.833851,-74.871826
NM,data_analyst,0,0,0,34.307144,-106.018066
NM,data_analyst,0,0,0,34.307144,-106.018066
NV,data_analyst,0,0,0,34.307144,-106.018066
NV,data_analyst,0,0,1,34.307144,-106.018066
NV,data_analyst,0,0,0,34.307144,-106.018066
NV,data_analyst,0,0,0,34.307144,-106.018066
NV,data_analyst,0,0,0,34.307144,-106.018066
NV,data_analyst,0,0,0,34.307144,-106.018066
NV,data_analyst,0,0,0,34.307144,-106.018066
NY,data_analyst,0,0,0,43,-75
NY,data_analyst,0,0,0,43,-75
NY,data_analyst,0,0,0,43,-75
NY,data_analyst,0,0,1,43,-75
NY,data_analyst,0,0,1,43,-75
NY,data_analyst,0,0,1,43,-75
NY,data_analyst,0,0,0,43,-75
NY,data_analyst,0,0,1,43,-75
NY,data_analyst,0,0,0,43,-75
NY,data_analyst,0,0,1,43,-75
NY,data_analyst,0,0,0,43,-75
NY,data_analyst,0,0,0,43,-75
NY,data_analyst,0,0,0,43,-75
NY,data_analyst,0,0,0,43,-75
NY,data_analyst,0,0,0,43,-75
NY,data_analyst,0,0,0,43,-75
NY,data_analyst,0,0,1,43,-75
NY,data_analyst,0,0,0,43,-75
NY,data_analyst,0,0,0,43,-75
NY,data_analyst,0,0,0,43,-75
NY,data_analyst,0,0,0,43,-75
NY,data_analyst,0,0,0,43,-75
NY,data_analyst,0,0,0,43,-75
NY,data_analyst,0,0,0,43,-75
NY,data_analyst,0,0,0,43,-75
NY,data_analyst,1,0,1,43,-75
NY,data_analyst,0,0,0,43,-75
NY,data_analyst,0,0,0,43,-75
NY,data_analyst,0,0,0,43,-75
NY,data_analyst,0,0,0,43,-75
NY,data_analyst,0,0,0,43,-75
NY,data_analyst,0,0,0,43,-75
NY,data_analyst,0,0,0,43,-75
NY,data_analyst,0,0,0,43,-75
NY,data_analyst,0,0,0,43,-75
NY,data_analyst,0,0,0,43,-75
NY,data_analyst,0,0,0,43,-75
NY,data_analyst,0,0,0,43,-75
NY,data_analyst,0,0,0,43,-75
NY,data_analyst,0,0,0,43,-75
NY,data_analyst,0,0,0,43,-75
NY,data_analyst,0,0,0,43,-75
NY,data_analyst,0,0,0,43,-75
NY,data_analyst,0,0,0,43,-75
NY,data_analyst,0,0,0,43,-75
NY,data_analyst,0,0,1,43,-75
NY,data_analyst,0,0,0,43,-75
NY,data_analyst,0,0,0,43,-75
NY,data_analyst,0,0,0,43,-75
NY,data_analyst,0,0,0,43,-75
NY,data_analyst,0,0,1,43,-75
NY,data_analyst,0,0,0,43,-75
NY,data_analyst,1,0,1,43,-75
NY,data_analyst,0,0,0,43,-75
NY,data_analyst,0,0,0,43,-75
NY,data_analyst,0,0,1,43,-75
NY,data_analyst,0,0,0,43,-75
NY,data_analyst,0,0,0,43,-75
NY,data_analyst,0,0,1,43,-75
NY,data_analyst,0,0,0,43,-75
NY,data_analyst,0,0,1,43,-75
NY,data_analyst,0,0,1,43,-75
NY,data_analyst,0,0,0,43,-75
NY,data_analyst,0,0,0,43,-75
NY,data_analyst,0,0,0,43,-75
NY,data_analyst,0,0,0,43,-75
NY,data_analyst,0,0,0,43,-75
NY,data_analyst,0,0,0,43,-75
NY,data_analyst,0,0,0,43,-75
NY,data_analyst,0,0,1,43,-75
NY,data_analyst,0,0,0,43,-75
NY,data_analyst,0,0,0,43,-75
NY,data_analyst,0,0,0,43,-75
NY,data_analyst,1,0,0,43,-75
NY,data_analyst,0,0,1,43,-75
NY,data_analyst,0,0,1,43,-75
NY,data_analyst,0,0,0,43,-75
NY,data_analyst,0,1,1,43,-75
NY,data_analyst,0,0,0,43,-75
NY,data_analyst,0,0,1,43,-75
NY,data_analyst,0,0,0,43,-75
NY,data_analyst,0,0,1,43,-75
NY,data_analyst,0,1,1,43,-75
NY,data_analyst,0,0,0,43,-75
NY,data_analyst,0,0,0,43,-75
NY,data_analyst,0,0,0,43,-75
NY,data_analyst,0,0,0,43,-75
NY,data_analyst,0,0,0,43,-75
NY,data_analyst,0,0,1,43,-75
NY,data_analyst,0,0,1,43,-75
NY,data_analyst,0,0,1,43,-75
NY,data_analyst,0,0,0,43,-75
NY,data_analyst,0,0,0,43,-75
NY,data_analyst,0,0,0,43,-75
NY,data_analyst,0,0,1,43,-75
NY,data_analyst,0,0,1,43,-75
NY,data_analyst,0,0,0,43,-75
NY,data_analyst,0,0,1,43,-75
NY,data_analyst,0,0,0,43,-75
NY,data_analyst,0,0,1,43,-75
NY,data_analyst,0,0,1,43,-75
NY,data_analyst,0,0,0,43,-75
NY,data_analyst,0,0,1,43,-75
NY,data_analyst,0,0,0,43,-75
NY,data_analyst,0,0,0,43,-75
NY,data_analyst,0,0,0,43,-75
NY,data_analyst,0,0,1,43,-75
NY,data_analyst,0,0,1,43,-75
NY,data_analyst,0,0,0,43,-75
NY,data_analyst,0,0,0,43,-75
NY,data_analyst,0,0,0,43,-75
NY,data_analyst,0,0,0,43,-75
NY,data_analyst,0,0,1,43,-75
NY,data_analyst,0,0,0,43,-75
NY,data_analyst,0,0,1,43,-75
NY,data_analyst,0,0,0,43,-75
NY,data_analyst,0,0,0,43,-75
NY,data_analyst,0,0,0,43,-75
NY,data_analyst,0,0,0,43,-75
NY,data_analyst,0,0,0,43,-75
NY,data_analyst,0,0,1,43,-75
NY,data_analyst,0,0,0,43,-75
NY,data_analyst,0,0,0,43,-75
NY,data_analyst,0,0,0,43,-75
NY,data_analyst,0,0,0,43,-75
NY,data_analyst,1,0,0,43,-75
NY,data_analyst,0,0,1,43,-75
NY,data_analyst,0,0,1,43,-75
NY,data_analyst,0,0,0,43,-75
NY,data_analyst,0,0,0,43,-75
NY,data_analyst,0,0,1,43,-75
NY,data_analyst,0,0,1,43,-75
NY,data_analyst,0,0,1,43,-75
NY,data_analyst,0,0,0,43,-75
NY,data_analyst,0,0,0,43,-75
NY,data_analyst,0,0,1,43,-75
NY,data_analyst,0,0,1,43,-75
NY,data_analyst,0,0,1,43,-75
NY,data_analyst,0,0,1,43,-75
NY,data_analyst,0,0,0,43,-75
NY,data_analyst,0,0,1,43,-75
NY,data_analyst,0,0,1,43,-75
NY,data_analyst,0,0,0,43,-75
NY,data_analyst,0,0,0,43,-75
NY,data_analyst,0,0,0,43,-75
NY,data_analyst,0,0,1,43,-75
NY,data_analyst,0,1,0,43,-75
NY,data_analyst,0,0,0,43,-75
NY,data_analyst,1,0,0,43,-75
NY,data_analyst,0,0,0,43,-75
NY,data_analyst,0,0,0,43,-75
NY,data_analyst,1,0,1,43,-75
NY,data_analyst,0,0,1,43,-75
NY,data_analyst,0,0,0,43,-75
NY,data_analyst,0,0,1,43,-75
NY,data_analyst,0,0,0,43,-75
NY,data_analyst,0,0,0,43,-75
NY,data_analyst,0,0,0,43,-75
NY,data_analyst,0,0,0,43,-75
NY,data_analyst,0,0,0,43,-75
NY,data_analyst,0,0,0,43,-75
NY,data_analyst,0,0,0,43,-75
NY,data_analyst,0,1,1,43,-75
NY,data_analyst,0,0,1,43,-75
NY,data_analyst,0,0,0,43,-75
NY,data_analyst,0,0,0,43,-75
NY,data_analyst,0,0,1,43,-75
NY,data_analyst,0,0,1,43,-75
NY,data_analyst,0,0,1,43,-75
NY,data_analyst,0,1,1,43,-75
NY,data_analyst,0,0,0,43,-75
NY,data_analyst,0,0,1,43,-75
NY,data_analyst,0,1,1,43,-75
NY,data_analyst,0,0,0,43,-75
NY,data_analyst,0,0,0,43,-75
NY,data_analyst,0,0,1,43,-75
NY,data_analyst,0,0,0,43,-75
NY,data_analyst,0,0,0,43,-75
NY,data_analyst,0,0,1,43,-75
NY,data_analyst,0,0,0,43,-75
NY,data_analyst,1,0,1,43,-75
NY,data_analyst,0,0,0,43,-75
NY,data_analyst,0,0,0,43,-75
NY,data_analyst,1,0,0,43,-75
NY,data_analyst,0,0,0,43,-75
NY,data_analyst,0,0,0,43,-75
NY,data_analyst,0,0,0,43,-75
NY,data_analyst,0,0,0,43,-75
NY,data_analyst,1,0,0,43,-75
NY,data_analyst,0,1,1,43,-75
NY,data_analyst,0,1,1,43,-75
NY,data_analyst,0,0,0,43,-75
NY,data_analyst,1,0,1,43,-75
NY,data_analyst,0,0,0,43,-75
NY,data_analyst,0,0,1,43,-75
NY,data_analyst,0,1,0,43,-75
NY,data_analyst,0,0,0,43,-75
NY,data_analyst,0,1,0,43,-75
NY,data_analyst,0,0,0,43,-75
NY,data_analyst,0,1,0,43,-75
NY,data_analyst,0,0,0,43,-75
NY,data_analyst,0,1,1,43,-75
NY,data_analyst,1,0,1,43,-75
NY,data_analyst,1,1,1,43,-75
NY,data_analyst,0,0,1,43,-75
NY,data_analyst,1,0,1,43,-75
NY,data_analyst,1,0,0,43,-75
NY,data_analyst,0,0,0,43,-75
NY,data_analyst,0,0,0,43,-75
NY,data_analyst,1,1,1,43,-75
NY,data_analyst,0,0,1,43,-75
NY,data_analyst,1,0,0,43,-75
NY,data_analyst,1,0,0,43,-75
NY,data_analyst,1,0,0,43,-75
NY,data_analyst,0,0,0,43,-75
NY,data_analyst,1,0,0,43,-75
NY,data_analyst,0,0,0,43,-75
NY,data_analyst,0,0,0,43,-75
NY,data_analyst,0,0,0,43,-75
NY,data_analyst,0,1,1,43,-75
NY,data_analyst,1,1,0,43,-75
NY,data_analyst,0,0,0,43,-75
NY,data_analyst,1,0,0,43,-75
NY,data_analyst,0,0,1,43,-75
NY,data_analyst,0,0,0,43,-75
NY,data_analyst,0,0,0,43,-75
NY,data_analyst,1,0,0,43,-75
NY,data_analyst,0,0,0,43,-75
NY,data_analyst,0,0,0,43,-75
NY,data_analyst,0,0,0,43,-75
OH,data_analyst,1,0,0,40.367474,-82.996216
OH,data_analyst,0,0,1,40.367474,-82.996216
OH,data_analyst,0,0,0,40.367474,-82.996216
OH,data_analyst,0,0,0,40.367474,-82.996216
OH,data_analyst,0,0,0,40.367474,-82.996216
OH,data_analyst,0,0,0,40.367474,-82.996216
OH,data_analyst,0,0,0,40.367474,-82.996216
OH,data_analyst,0,0,0,40.367474,-82.996216
OH,data_analyst,0,0,1,40.367474,-82.996216
OH,data_analyst,0,0,1,40.367474,-82.996216
OH,data_analyst,0,0,0,40.367474,-82.996216
OH,data_analyst,0,0,0,40.367474,-82.996216
OH,data_analyst,0,0,0,40.367474,-82.996216
OH,data_analyst,0,0,0,40.367474,-82.996216
OH,data_analyst,0,0,0,40.367474,-82.996216
OH,data_analyst,0,0,0,40.367474,-82.996216
OH,data_analyst,0,0,0,40.367474,-82.996216
OH,data_analyst,1,0,1,40.367474,-82.996216
OH,data_analyst,0,0,0,40.367474,-82.996216
OH,data_analyst,0,0,0,40.367474,-82.996216
OH,data_analyst,0,0,1,40.367474,-82.996216
OH,data_analyst,0,0,1,40.367474,-82.996216
OH,data_analyst,0,0,0,40.367474,-82.996216
OH,data_analyst,0,0,0,40.367474,-82.996216
OH,data_analyst,0,0,0,40.367474,-82.996216
OH,data_analyst,0,0,0,40.367474,-82.996216
OH,data_analyst,0,0,0,40.367474,-82.996216
OH,data_analyst,0,0,0,40.367474,-82.996216
OH,data_analyst,0,0,0,40.367474,-82.996216
OH,data_analyst,0,0,0,40.367474,-82.996216
OH,data_analyst,0,0,0,40.367474,-82.996216
OH,data_analyst,0,1,1,40.367474,-82.996216
OH,data_analyst,0,1,0,40.367474,-82.996216
OK,data_analyst,0,0,0,36.084621,-96.921387
OK,data_analyst,0,0,1,36.084621,-96.921387
OR,data_analyst,0,0,0,44,-120.5
OR,data_analyst,1,0,0,44,-120.5
OR,data_analyst,0,0,0,44,-120.5
OR,data_analyst,0,0,0,44,-120.5
OR,data_analyst,0,0,0,44,-120.5
OR,data_analyst,0,0,0,44,-120.5
OR,data_analyst,0,0,0,44,-120.5
OR,data_analyst,0,0,0,44,-120.5
OR,data_analyst,0,0,1,44,-120.5
OR,data_analyst,0,0,0,44,-120.5
OR,data_analyst,0,0,0,44,-120.5
OR,data_analyst,0,0,0,44,-120.5
OR,data_analyst,1,0,0,44,-120.5
OR,data_analyst,0,0,0,44,-120.5
OR,data_analyst,0,0,0,44,-120.5
OR,data_analyst,0,0,0,44,-120.5
OR,data_analyst,0,0,1,44,-120.5
OR,data_analyst,0,0,0,44,-120.5
OR,data_analyst,0,0,0,44,-120.5
OR,data_analyst,0,0,1,44,-120.5
OR,data_analyst,0,0,1,44,-120.5
OR,data_analyst,0,0,1,44,-120.5
OR,data_analyst,0,0,0,44,-120.5
OR,data_analyst,0,0,1,44,-120.5
OR,data_analyst,0,0,1,44,-120.5
OR,data_analyst,0,0,0,44,-120.5
PA,data_analyst,0,0,0,41.203323,-77.194527
PA,data_analyst,0,0,0,41.203323,-77.194527
PA,data_analyst,0,0,0,41.203323,-77.194527
PA,data_analyst,0,0,0,41.203323,-77.194527
PA,data_analyst,0,0,0,41.203323,-77.194527
PA,data_analyst,0,0,1,41.203323,-77.194527
PA,data_analyst,0,0,0,41.203323,-77.194527
PA,data_analyst,0,0,0,41.203323,-77.194527
PA,data_analyst,0,0,0,41.203323,-77.194527
PA,data_analyst,0,0,0,41.203323,-77.194527
PA,data_analyst,0,0,0,41.203323,-77.194527
PA,data_analyst,0,0,0,41.203323,-77.194527
PA,data_analyst,0,0,0,41.203323,-77.194527
PA,data_analyst,0,0,0,41.203323,-77.194527
PA,data_analyst,0,0,0,41.203323,-77.194527
PA,data_analyst,0,0,1,41.203323,-77.194527
PA,data_analyst,0,0,0,41.203323,-77.194527
PA,data_analyst,0,0,0,41.203323,-77.194527
PA,data_analyst,0,0,0,41.203323,-77.194527
PA,data_analyst,0,0,0,41.203323,-77.194527
PA,data_analyst,0,0,0,41.203323,-77.194527
PA,data_analyst,0,0,1,41.203323,-77.194527
PA,data_analyst,0,0,0,41.203323,-77.194527
PA,data_analyst,0,0,0,41.203323,-77.194527
PA,data_analyst,0,0,0,41.203323,-77.194527
PA,data_analyst,0,0,0,41.203323,-77.194527
PA,data_analyst,0,0,0,41.203323,-77.194527
PA,data_analyst,0,0,0,41.203323,-77.194527
PA,data_analyst,0,0,0,41.203323,-77.194527
PA,data_analyst,0,0,0,41.203323,-77.194527
PA,data_analyst,0,0,0,41.203323,-77.194527
PA,data_analyst,0,0,0,41.203323,-77.194527
PA,data_analyst,0,0,0,41.203323,-77.194527
PA,data_analyst,0,0,0,41.203323,-77.194527
PA,data_analyst,0,0,0,41.203323,-77.194527
PA,data_analyst,0,0,0,41.203323,-77.194527
PA,data_analyst,1,0,0,41.203323,-77.194527
PA,data_analyst,0,0,0,41.203323,-77.194527
PA,data_analyst,1,0,0,41.203323,-77.194527
PA,data_analyst,0,0,1,41.203323,-77.194527
PA,data_analyst,0,0,0,41.203323,-77.194527
PA,data_analyst,0,0,0,41.203323,-77.194527
PA,data_analyst,0,0,1,41.203323,-77.194527
PA,data_analyst,1,0,0,41.203323,-77.194527
PA,data_analyst,0,0,0,41.203323,-77.194527
PA,data_analyst,0,0,1,41.203323,-77.194527
PA,data_analyst,0,0,0,41.203323,-77.194527
PA,data_analyst,0,0,1,41.203323,-77.194527
PA,data_analyst,0,1,1,41.203323,-77.194527
PA,data_analyst,0,0,1,41.203323,-77.194527
PA,data_analyst,1,1,1,41.203323,-77.194527
PA,data_analyst,0,0,1,41.203323,-77.194527
PA,data_analyst,1,0,1,41.203323,-77.194527
PA,data_analyst,0,0,1,41.203323,-77.194527
PA,data_analyst,1,0,0,41.203323,-77.194527
PA,data_analyst,0,0,0,41.203323,-77.194527
RI,data_analyst,0,0,0,41.700001,-71.5
RI,data_analyst,0,0,0,41.700001,-71.5
SC,data_analyst,0,0,0,33.836082,-81.163727
SC,data_analyst,0,0,0,33.836082,-81.163727
SC,data_analyst,0,0,0,33.836082,-81.163727
SC,data_analyst,0,0,0,33.836082,-81.163727
SC,data_analyst,0,0,0,33.836082,-81.163727
SC,data_analyst,0,0,0,33.836082,-81.163727
SC,data_analyst,0,0,0,33.836082,-81.163727
SC,data_analyst,0,0,0,33.836082,-81.163727
SC,data_analyst,0,0,0,33.836082,-81.163727
SC,data_analyst,0,0,0,33.836082,-81.163727
SC,data_analyst,0,0,0,33.836082,-81.163727
SC,data_analyst,0,0,0,33.836082,-81.163727
SC,data_analyst,0,0,0,33.836082,-81.163727
SC,data_analyst,0,0,0,33.836082,-81.163727
SC,data_analyst,0,0,0,33.836082,-81.163727
SD,data_analyst,0,0,1,44.5,-100
TN,data_analyst,0,0,1,35.860119,-86.660156
TN,data_analyst,0,0,0,35.860119,-86.660156
TN,data_analyst,0,0,0,35.860119,-86.660156
TN,data_analyst,1,0,1,35.860119,-86.660156
TN,data_analyst,0,0,0,35.860119,-86.660156
TN,data_analyst,0,0,1,35.860119,-86.660156
TN,data_analyst,0,0,0,35.860119,-86.660156
TN,data_analyst,0,0,0,35.860119,-86.660156
TN,data_analyst,0,0,1,35.860119,-86.660156
TN,data_analyst,0,0,0,35.860119,-86.660156
TN,data_analyst,0,0,0,35.860119,-86.660156
TN,data_analyst,0,0,0,35.860119,-86.660156
TN,data_analyst,0,0,0,35.860119,-86.660156
TN,data_analyst,0,0,0,35.860119,-86.660156
TN,data_analyst,0,0,1,35.860119,-86.660156
TN,data_analyst,0,0,0,35.860119,-86.660156
TN,data_analyst,0,0,1,35.860119,-86.660156
TN,data_analyst,0,0,1,35.860119,-86.660156
TN,data_analyst,0,0,1,35.860119,-86.660156
TN,data_analyst,0,0,0,35.860119,-86.660156
TN,data_analyst,0,0,0,35.860119,-86.660156
TX,data_analyst,0,0,0,31,-100
TX,data_analyst,0,0,0,31,-100
TX,data_analyst,1,1,0,31,-100
TX,data_analyst,0,0,0,31,-100
TX,data_analyst,0,0,0,31,-100
TX,data_analyst,0,0,0,31,-100
TX,data_analyst,0,0,1,31,-100
TX,data_analyst,0,1,1,31,-100
TX,data_analyst,0,0,0,31,-100
TX,data_analyst,0,0,0,31,-100
TX,data_analyst,0,0,0,31,-100
TX,data_analyst,0,0,0,31,-100
TX,data_analyst,0,0,1,31,-100
TX,data_analyst,0,0,0,31,-100
TX,data_analyst,0,0,1,31,-100
TX,data_analyst,0,0,0,31,-100
TX,data_analyst,1,0,1,31,-100
TX,data_analyst,0,0,1,31,-100
TX,data_analyst,0,0,0,31,-100
TX,data_analyst,0,0,1,31,-100
TX,data_analyst,0,0,0,31,-100
TX,data_analyst,0,0,0,31,-100
TX,data_analyst,0,0,0,31,-100
TX,data_analyst,0,0,1,31,-100
TX,data_analyst,0,0,0,31,-100
TX,data_analyst,0,0,0,31,-100
TX,data_analyst,0,0,1,31,-100
TX,data_analyst,0,0,0,31,-100
TX,data_analyst,0,0,0,31,-100
TX,data_analyst,0,0,0,31,-100
TX,data_analyst,0,0,0,31,-100
TX,data_analyst,0,0,0,31,-100
TX,data_analyst,0,0,0,31,-100
TX,data_analyst,0,0,1,31,-100
TX,data_analyst,0,0,0,31,-100
TX,data_analyst,0,0,0,31,-100
TX,data_analyst,0,0,0,31,-100
TX,data_analyst,0,0,0,31,-100
TX,data_analyst,0,0,0,31,-100
TX,data_analyst,0,0,0,31,-100
TX,data_analyst,0,0,0,31,-100
TX,data_analyst,0,0,0,31,-100
TX,data_analyst,0,0,1,31,-100
TX,data_analyst,0,0,0,31,-100
TX,data_analyst,0,0,0,31,-100
TX,data_analyst,0,0,0,31,-100
TX,data_analyst,0,0,0,31,-100
TX,data_analyst,1,0,1,31,-100
TX,data_analyst,1,0,1,31,-100
TX,data_analyst,1,0,1,31,-100
TX,data_analyst,0,0,0,31,-100
TX,data_analyst,0,0,0,31,-100
TX,data_analyst,0,0,0,31,-100
TX,data_analyst,0,0,0,31,-100
TX,data_analyst,0,0,0,31,-100
TX,data_analyst,0,0,0,31,-100
TX,data_analyst,0,0,0,31,-100
TX,data_analyst,0,0,0,31,-100
TX,data_analyst,0,0,0,31,-100
TX,data_analyst,0,0,0,31,-100
TX,data_analyst,0,0,1,31,-100
TX,data_analyst,0,0,1,31,-100
TX,data_analyst,0,0,1,31,-100
TX,data_analyst,0,0,0,31,-100
TX,data_analyst,0,0,0,31,-100
TX,data_analyst,0,0,0,31,-100
TX,data_analyst,0,0,0,31,-100
TX,data_analyst,0,0,1,31,-100
TX,data_analyst,0,0,0,31,-100
TX,data_analyst,0,0,1,31,-100
TX,data_analyst,0,0,0,31,-100
TX,data_analyst,0,0,0,31,-100
TX,data_analyst,0,0,0,31,-100
TX,data_analyst,0,0,0,31,-100
TX,data_analyst,0,0,1,31,-100
TX,data_analyst,0,0,1,31,-100
TX,data_analyst,1,1,0,31,-100
TX,data_analyst,0,0,0,31,-100
TX,data_analyst,0,0,1,31,-100
TX,data_analyst,0,0,0,31,-100
TX,data_analyst,0,0,1,31,-100
TX,data_analyst,0,0,1,31,-100
TX,data_analyst,0,0,1,31,-100
TX,data_analyst,0,0,1,31,-100
TX,data_analyst,0,0,1,31,-100
TX,data_analyst,0,0,0,31,-100
TX,data_analyst,1,1,1,31,-100
TX,data_analyst,0,0,1,31,-100
TX,data_analyst,0,0,1,31,-100
TX,data_analyst,0,0,1,31,-100
TX,data_analyst,0,0,1,31,-100
TX,data_analyst,0,0,1,31,-100
TX,data_analyst,0,0,0,31,-100
TX,data_analyst,1,1,0,31,-100
TX,data_analyst,0,0,1,31,-100
TX,data_analyst,0,0,1,31,-100
TX,data_analyst,0,0,0,31,-100
TX,data_analyst,0,0,1,31,-100
TX,data_analyst,0,0,1,31,-100
TX,data_analyst,0,0,1,31,-100
TX,data_analyst,0,1,0,31,-100
TX,data_analyst,0,1,0,31,-100
TX,data_analyst,0,0,0,31,-100
TX,data_analyst,0,0,0,31,-100
TX,data_analyst,0,0,0,31,-100
TX,data_analyst,0,0,0,31,-100
TX,data_analyst,0,0,1,31,-100
TX,data_analyst,1,1,0,31,-100
TX,data_analyst,0,1,0,31,-100
TX,data_analyst,0,1,0,31,-100
TX,data_analyst,0,0,0,31,-100
TX,data_analyst,0,0,0,31,-100
TX,data_analyst,0,0,0,31,-100
TX,data_analyst,0,0,0,31,-100
TX,data_analyst,0,0,0,31,-100
TX,data_analyst,1,0,0,31,-100
TX,data_analyst,0,1,0,31,-100
UT,data_analyst,0,0,0,39.41922,-11.950684
UT,data_analyst,0,0,1,39.41922,-11.950684
UT,data_analyst,0,0,0,39.41922,-11.950684
UT,data_analyst,0,0,0,39.41922,-11.950684
UT,data_analyst,0,0,0,39.41922,-11.950684
UT,data_analyst,0,0,1,39.41922,-11.950684
UT,data_analyst,0,0,0,39.41922,-11.950684
UT,data_analyst,0,0,0,39.41922,-11.950684
UT,data_analyst,1,1,0,39.41922,-11.950684
UT,data_analyst,0,0,0,39.41922,-11.950684
UT,data_analyst,0,0,1,39.41922,-11.950684
UT,data_analyst,0,0,1,39.41922,-11.950684
UT,data_analyst,0,0,0,39.41922,-11.950684
UT,data_analyst,0,0,1,39.41922,-11.950684
UT,data_analyst,0,0,1,39.41922,-11.950684
UT,data_analyst,0,0,0,39.41922,-11.950684
UT,data_analyst,0,0,0,39.41922,-11.950684
VA,data_analyst,0,0,0,37.926868,-68.024902
VA,data_analyst,0,0,0,37.926868,-68.024902
VA,data_analyst,0,0,0,37.926868,-68.024902
VA,data_analyst,0,0,0,37.926868,-68.024902
VA,data_analyst,0,0,0,37.926868,-68.024902
VA,data_analyst,0,0,1,37.926868,-68.024902
VA,data_analyst,0,0,0,37.926868,-68.024902
VA,data_analyst,0,0,0,37.926868,-68.024902
VA,data_analyst,0,0,1,37.926868,-68.024902
VA,data_analyst,0,0,1,37.926868,-68.024902
VA,data_analyst,0,0,0,37.926868,-68.024902
VA,data_analyst,0,0,0,37.926868,-68.024902
VA,data_analyst,0,0,0,37.926868,-68.024902
VA,data_analyst,0,0,0,37.926868,-68.024902
VA,data_analyst,0,0,1,37.926868,-68.024902
VA,data_analyst,0,0,1,37.926868,-68.024902
VA,data_analyst,0,0,0,37.926868,-68.024902
VA,data_analyst,0,1,0,37.926868,-68.024902
VA,data_analyst,0,0,0,37.926868,-68.024902
VA,data_analyst,0,0,0,37.926868,-68.024902
VA,data_analyst,0,0,0,37.926868,-68.024902
VA,data_analyst,0,0,0,37.926868,-68.024902
VA,data_analyst,0,0,1,37.926868,-68.024902
VA,data_analyst,0,0,0,37.926868,-68.024902
VA,data_analyst,0,0,1,37.926868,-68.024902
VA,data_analyst,0,0,0,37.926868,-68.024902
VA,data_analyst,1,0,0,37.926868,-68.024902
VA,data_analyst,0,0,0,37.926868,-68.024902
VA,data_analyst,0,0,0,37.926868,-68.024902
VA,data_analyst,0,0,0,37.926868,-68.024902
VA,data_analyst,0,0,0,37.926868,-68.024902
VA,data_analyst,0,0,1,37.926868,-68.024902
VA,data_analyst,0,0,0,37.926868,-68.024902
VA,data_analyst,0,0,1,37.926868,-68.024902
VA,data_analyst,0,0,1,37.926868,-68.024902
VA,data_analyst,0,0,1,37.926868,-68.024902
VA,data_analyst,0,0,0,37.926868,-68.024902
VA,data_analyst,0,0,1,37.926868,-68.024902
VA,data_analyst,0,0,1,37.926868,-68.024902
VA,data_analyst,0,0,0,37.926868,-68.024902
VA,data_analyst,0,1,1,37.926868,-68.024902
VA,data_analyst,0,0,0,37.926868,-68.024902
VA,data_analyst,0,0,0,37.926868,-68.024902
VA,data_analyst,1,0,1,37.926868,-68.024902
VA,data_analyst,0,0,0,37.926868,-68.024902
VA,data_analyst,0,0,0,37.926868,-68.024902
VA,data_analyst,0,1,0,37.926868,-68.024902
VA,data_analyst,0,1,0,37.926868,-68.024902
VA,data_analyst,0,1,0,37.926868,-68.024902
VA,data_analyst,0,0,1,37.926868,-68.024902
VA,data_analyst,0,0,0,37.926868,-68.024902
VA,data_analyst,0,0,0,37.926868,-68.024902
VA,data_analyst,0,0,1,37.926868,-68.024902
VA,data_analyst,0,0,1,37.926868,-68.024902
VA,data_analyst,0,0,0,37.926868,-68.024902
VA,data_analyst,0,0,1,37.926868,-68.024902
VA,data_analyst,0,0,0,37.926868,-68.024902
VA,data_analyst,0,0,0,37.926868,-68.024902
VA,data_analyst,0,0,1,37.926868,-68.024902
VA,data_analyst,0,0,0,37.926868,-68.024902
VA,data_analyst,0,1,1,37.926868,-68.024902
VA,data_analyst,0,0,0,37.926868,-68.024902
VA,data_analyst,0,1,0,37.926868,-68.024902
VA,data_analyst,1,0,0,37.926868,-68.024902
VA,data_analyst,0,0,0,37.926868,-68.024902
VA,data_analyst,1,0,0,37.926868,-68.024902
VA,data_analyst,0,0,0,37.926868,-68.024902
VA,data_analyst,1,0,0,37.926868,-68.024902
VA,data_analyst,0,0,1,37.926868,-68.024902
VA,data_analyst,1,1,1,37.926868,-68.024902
VA,data_analyst,0,0,0,37.926868,-68.024902
VA,data_analyst,0,0,0,37.926868,-68.024902
VA,data_analyst,0,0,0,37.926868,-68.024902
VA,data_analyst,0,0,0,37.926868,-68.024902
VA,data_analyst,0,1,0,37.926868,-68.024902
VA,data_analyst,0,0,1,37.926868,-68.024902
VA,data_analyst,0,0,1,37.926868,-68.024902
VA,data_analyst,0,0,0,37.926868,-68.024902
VA,data_analyst,0,1,0,37.926868,-68.024902
VA,data_analyst,0,0,0,37.926868,-68.024902
VA,data_analyst,0,1,0,37.926868,-68.024902
VA,data_analyst,0,0,0,37.926868,-68.024902
VA,data_analyst,0,0,1,37.926868,-68.024902
VA,data_analyst,0,0,0,37.926868,-68.024902
VA,data_analyst,0,0,0,37.926868,-68.024902
VT,data_analyst,0,0,0,44,-72.699997
VT,data_analyst,0,0,0,44,-72.699997
WA,data_analyst,1,0,0,47.751076,-120.740135
WA,data_analyst,0,0,0,47.751076,-120.740135
WA,data_analyst,0,0,1,47.751076,-120.740135
WA,data_analyst,0,0,0,47.751076,-120.740135
WA,data_analyst,0,0,0,47.751076,-120.740135
WA,data_analyst,0,0,0,47.751076,-120.740135
WA,data_analyst,0,0,0,47.751076,-120.740135
WA,data_analyst,0,0,1,47.751076,-120.740135
WA,data_analyst,0,0,0,47.751076,-120.740135
WA,data_analyst,0,0,1,47.751076,-120.740135
WA,data_analyst,0,0,0,47.751076,-120.740135
WA,data_analyst,0,0,0,47.751076,-120.740135
WA,data_analyst,0,0,0,47.751076,-120.740135
WA,data_analyst,0,0,0,47.751076,-120.740135
WA,data_analyst,0,0,0,47.751076,-120.740135
WA,data_analyst,0,0,1,47.751076,-120.740135
WA,data_analyst,0,0,0,47.751076,-120.740135
WA,data_analyst,0,0,0,47.751076,-120.740135
WA,data_analyst,0,0,0,47.751076,-120.740135
WA,data_analyst,0,0,1,47.751076,-120.740135
WA,data_analyst,1,0,0,47.751076,-120.740135
WA,data_analyst,0,0,0,47.751076,-120.740135
WA,data_analyst,0,0,0,47.751076,-120.740135
WA,data_analyst,0,0,0,47.751076,-120.740135
WA,data_analyst,0,0,0,47.751076,-120.740135
WA,data_analyst,0,0,0,47.751076,-120.740135
WA,data_analyst,0,0,0,47.751076,-120.740135
WA,data_analyst,1,0,0,47.751076,-120.740135
WA,data_analyst,0,0,0,47.751076,-120.740135
WA,data_analyst,0,0,1,47.751076,-120.740135
WA,data_analyst,0,1,0,47.751076,-120.740135
WA,data_analyst,0,0,0,47.751076,-120.740135
WA,data_analyst,0,0,0,47.751076,-120.740135
WA,data_analyst,0,0,1,47.751076,-120.740135
WA,data_analyst,0,0,1,47.751076,-120.740135
WA,data_analyst,1,0,1,47.751076,-120.740135
WA,data_analyst,0,0,1,47.751076,-120.740135
WA,data_analyst,0,0,1,47.751076,-120.740135
WA,data_analyst,0,0,1,47.751076,-120.740135
WA,data_analyst,0,0,0,47.751076,-120.740135
WA,data_analyst,0,1,0,47.751076,-120.740135
WA,data_analyst,0,0,0,47.751076,-120.740135
WA,data_analyst,1,0,0,47.751076,-120.740135
WA,data_analyst,0,0,1,47.751076,-120.740135
WA,data_analyst,0,0,0,47.751076,-120.740135
WA,data_analyst,0,0,0,47.751076,-120.740135
WA,data_analyst,0,0,0,47.751076,-120.740135
WA,data_analyst,0,0,0,47.751076,-120.740135
WA,data_analyst,0,0,0,47.751076,-120.740135
WA,data_analyst,1,0,0,47.751076,-120.740135
WA,data_analyst,0,0,0,47.751076,-120.740135
WA,data_analyst,0,0,0,47.751076,-120.740135
WA,data_analyst,0,0,0,47.751076,-120.740135
WA,data_analyst,0,0,1,47.751076,-120.740135
WA,data_analyst,0,0,0,47.751076,-120.740135
WA,data_analyst,1,0,0,47.751076,-120.740135
WA,data_analyst,0,0,0,47.751076,-120.740135
WI,data_analyst,0,0,1,44.5,-89.5
WI,data_analyst,0,0,1,44.5,-89.5
WI,data_analyst,0,0,0,44.5,-89.5
WI,data_analyst,0,0,0,44.5,-89.5
WI,data_analyst,0,0,0,44.5,-89.5
WI,data_analyst,0,0,1,44.5,-89.5
WI,data_analyst,0,0,0,44.5,-89.5
WI,data_analyst,0,0,0,44.5,-89.5
WI,data_analyst,0,1,0,44.5,-89.5
WI,data_analyst,0,0,1,44.5,-89.5
WI,data_analyst,0,1,0,44.5,-89.5
WV,data_analyst,0,0,0,39,-80.5
WV,data_analyst,0,0,0,39,-80.5
WY,data_analyst,0,0,0,43.07597,-107.290283
